-- phpMyAdmin SQL Dump
-- version 4.0.8
-- http://www.phpmyadmin.net
--
-- Хост: localhost
-- Время создания: Ноя 05 2013 г., 14:44
-- Версия сервера: 5.1.69
-- Версия PHP: 5.3.3

SET SQL_MODE = "NO_AUTO_VALUE_ON_ZERO";
SET time_zone = "+00:00";


/*!40101 SET @OLD_CHARACTER_SET_CLIENT=@@CHARACTER_SET_CLIENT */;
/*!40101 SET @OLD_CHARACTER_SET_RESULTS=@@CHARACTER_SET_RESULTS */;
/*!40101 SET @OLD_COLLATION_CONNECTION=@@COLLATION_CONNECTION */;
/*!40101 SET NAMES utf8 */;

--
-- База данных: `bb`
--

-- --------------------------------------------------------

--
-- Структура таблицы `cha_labels`
--

CREATE TABLE IF NOT EXISTS `cha_labels` (
  `label_id` int(11) NOT NULL,
  `code` varchar(255) NOT NULL,
  PRIMARY KEY (`label_id`)
) ENGINE=MyISAM DEFAULT CHARSET=utf8;

--
-- Дамп данных таблицы `cha_labels`
--

INSERT INTO `cha_labels` (`label_id`, `code`) VALUES
(1, 'тир1'),
(4, 'суть81'),
(5, 'бал71'),
(7, 'год222'),
(8, 'черти21'),
(10, '117'),
(11, 'бра61'),
(12, 'кимоно74'),
(15, 'мазь281'),
(17, 'куль24'),
(18, 'попа37'),
(19, 'тупень5'),
(20, 'берсерк'),
(21, 'компас18'),
(22, 'хук11'),
(23, 'кельт7'),
(24, 'крек79'),
(25, 'темп27'),
(26, 'тара1'),
(27, 'косуля12'),
(28, 'сом93'),
(30, 'оракул'),
(31, 'песик8'),
(32, 'пас321'),
(33, 'тилибом'),
(34, 'шик31'),
(35, 'такси271'),
(38, 'ку34'),
(39, 'чаша24'),
(40, 'неделя50'),
(41, 'тесак8'),
(42, 'яд623'),
(43, 'кузьмич53'),
(46, 'кира5'),
(48, 'ум11'),
(49, 'трюм39'),
(50, '11171'),
(52, 'шах2'),
(53, 'крах24'),
(54, 'хряк80');

-- --------------------------------------------------------

--
-- Структура таблицы `cha_team_codes`
--

CREATE TABLE IF NOT EXISTS `cha_team_codes` (
  `id` int(11) NOT NULL AUTO_INCREMENT,
  `team_id` int(11) NOT NULL,
  `code` varchar(255) NOT NULL,
  `date` datetime NOT NULL,
  PRIMARY KEY (`id`)
) ENGINE=MyISAM  DEFAULT CHARSET=utf8 AUTO_INCREMENT=139 ;

--
-- Дамп данных таблицы `cha_team_codes`
--

INSERT INTO `cha_team_codes` (`id`, `team_id`, `code`, `date`) VALUES
(1, 19, 'хук11', '2013-11-02 12:57:39'),
(2, 1, 'хряк80', '2013-11-02 12:58:50'),
(3, 20, 'бра61', '2013-11-02 12:58:58'),
(4, 20, 'неделя50', '2013-11-02 12:58:58'),
(5, 8, 'крек79', '2013-11-02 12:59:07'),
(6, 9, 'суть81', '2013-11-02 12:59:20'),
(7, 5, 'бал71', '2013-11-02 12:59:28'),
(8, 6, 'ку34', '2013-11-02 12:59:49'),
(9, 7, 'хряк80', '2013-11-02 12:59:52'),
(10, 13, 'крах24', '2013-11-02 12:59:53'),
(11, 15, 'кира5', '2013-11-02 12:59:57'),
(12, 2, 'крах24', '2013-11-02 13:00:02'),
(13, 1, 'берсерк', '2013-11-02 13:00:07'),
(14, 19, 'крах24', '2013-11-02 13:00:07'),
(15, 3, 'шах2', '2013-11-02 13:00:14'),
(16, 25, 'суть81', '2013-11-02 13:00:19'),
(17, 12, 'неделя50', '2013-11-02 13:00:19'),
(18, 13, 'год222', '2013-11-02 13:00:21'),
(19, 9, 'год222', '2013-11-02 13:00:31'),
(20, 13, 'шах2', '2013-11-02 13:00:42'),
(21, 17, 'тесак8', '2013-11-02 13:01:29'),
(22, 19, 'тара1', '2013-11-02 13:01:37'),
(23, 6, 'бал71', '2013-11-02 13:01:49'),
(24, 1, 'кузьмич53', '2013-11-02 13:02:11'),
(25, 20, 'тесак8', '2013-11-02 13:02:38'),
(26, 8, 'кимоно74', '2013-11-02 13:02:43'),
(27, 10, 'попа37', '2013-11-02 13:03:52'),
(28, 20, 'ку34', '2013-11-02 13:03:54'),
(29, 9, 'крек79', '2013-11-02 13:03:56'),
(30, 1, 'куль24', '2013-11-02 13:04:01'),
(31, 5, 'кира5', '2013-11-02 13:04:04'),
(32, 14, 'хук11', '2013-11-02 13:04:46'),
(33, 31, 'песик8', '2013-11-02 13:04:48'),
(34, 20, 'кира5', '2013-11-02 13:04:54'),
(35, 31, 'бал71', '2013-11-02 13:04:55'),
(36, 2, 'кельт7', '2013-11-02 13:05:12'),
(37, 9, 'трюм39', '2013-11-02 13:05:20'),
(38, 13, 'мазь281', '2013-11-02 13:05:32'),
(39, 8, 'кира5', '2013-11-02 13:05:37'),
(40, 28, 'кузьмич53', '2013-11-02 13:06:19'),
(41, 2, 'трюм39', '2013-11-02 13:06:37'),
(42, 9, 'ум11', '2013-11-02 13:07:02'),
(43, 5, 'шах2', '2013-11-02 13:07:09'),
(44, 25, 'год222', '2013-11-02 13:07:24'),
(45, 31, 'черти21', '2013-11-02 13:07:28'),
(46, 10, 'неделя50', '2013-11-02 13:07:33'),
(47, 2, 'пас321', '2013-11-02 13:07:59'),
(48, 15, 'тесак8', '2013-11-02 13:08:15'),
(49, 16, 'ум11', '2013-11-02 13:09:18'),
(50, 5, 'год222', '2013-11-02 13:09:35'),
(51, 3, 'трюм39', '2013-11-02 13:09:55'),
(52, 19, 'крек79', '2013-11-02 13:09:56'),
(53, 6, 'кузьмич53', '2013-11-02 13:10:10'),
(54, 15, 'попа37', '2013-11-02 13:10:32'),
(55, 7, 'песик8', '2013-11-02 13:10:49'),
(56, 20, 'темп27', '2013-11-02 13:11:01'),
(57, 9, 'тилибом', '2013-11-02 13:11:18'),
(58, 12, 'косуля12', '2013-11-02 13:11:27'),
(59, 12, 'кира5', '2013-11-02 13:11:31'),
(60, 3, 'крек79', '2013-11-02 13:11:35'),
(61, 6, 'крек79', '2013-11-02 13:11:56'),
(62, 7, 'кузьмич53', '2013-11-02 13:12:20'),
(63, 8, 'неделя50', '2013-11-02 13:13:14'),
(64, 13, 'хряк80', '2013-11-02 13:13:27'),
(65, 3, 'пас321', '2013-11-02 13:13:34'),
(66, 9, 'сом93', '2013-11-02 13:13:50'),
(67, 13, 'черти21', '2013-11-02 13:13:57'),
(68, 26, 'ум11', '2013-11-02 13:13:57'),
(69, 12, 'кузьмич53', '2013-11-02 13:14:17'),
(70, 16, 'берсерк', '2013-11-02 13:14:41'),
(71, 7, 'хук11', '2013-11-02 13:15:31'),
(72, 20, 'кузьмич53', '2013-11-02 13:15:37'),
(73, 13, 'пас321', '2013-11-02 13:15:40'),
(74, 31, 'хряк80', '2013-11-02 13:15:41'),
(75, 19, 'кузьмич53', '2013-11-02 13:16:03'),
(76, 24, 'крек79', '2013-11-02 13:16:16'),
(77, 5, 'тилибом', '2013-11-02 13:16:18'),
(78, 1, 'ум11', '2013-11-02 13:16:35'),
(79, 25, 'темп27', '2013-11-02 13:16:47'),
(80, 26, 'тир1', '2013-11-02 13:16:48'),
(81, 16, 'песик8', '2013-11-02 13:17:01'),
(82, 8, 'ку34', '2013-11-02 13:17:01'),
(83, 12, 'хук11', '2013-11-02 13:17:04'),
(84, 13, 'косуля12', '2013-11-02 13:17:07'),
(85, 7, 'яд623', '2013-11-02 13:17:11'),
(86, 2, 'косуля12', '2013-11-02 13:17:12'),
(87, 31, 'крек79', '2013-11-02 13:17:14'),
(88, 5, 'попа37', '2013-11-02 13:17:24'),
(89, 15, 'хук11', '2013-11-02 13:17:44'),
(90, 9, 'яд623', '2013-11-02 13:17:44'),
(91, 3, 'темп27', '2013-11-02 13:17:52'),
(92, 26, 'трюм39', '2013-11-02 13:18:05'),
(93, 28, 'ум11', '2013-11-02 13:18:17'),
(94, 3, 'бра61', '2013-11-02 13:18:17'),
(95, 16, 'яд623', '2013-11-02 13:18:27'),
(96, 20, 'ум11', '2013-11-02 13:18:46'),
(97, 5, 'крек79', '2013-11-02 13:18:57'),
(98, 13, 'кира5', '2013-11-02 13:19:10'),
(99, 6, 'кира5', '2013-11-02 13:19:18'),
(100, 7, 'шах2', '2013-11-02 13:19:23'),
(101, 26, 'кузьмич53', '2013-11-02 13:19:37'),
(102, 15, 'шах2', '2013-11-02 13:19:39'),
(103, 9, 'компас18', '2013-11-02 13:20:01'),
(104, 17, 'неделя50', '2013-11-02 13:20:07'),
(105, 17, 'черти21', '2013-11-02 13:20:27'),
(106, 15, 'кузьмич53', '2013-11-02 13:20:33'),
(107, 10, 'трюм39', '2013-11-02 13:20:35'),
(108, 14, 'куль24', '2013-11-02 13:20:42'),
(109, 7, 'тилибом', '2013-11-02 13:20:47'),
(110, 3, 'суть81', '2013-11-02 13:21:03'),
(111, 28, 'куль24', '2013-11-02 13:21:09'),
(112, 3, 'крах24', '2013-11-02 13:21:14'),
(113, 16, 'хряк80', '2013-11-02 13:21:16'),
(114, 31, 'куль24', '2013-11-02 13:21:16'),
(115, 20, 'песик8', '2013-11-02 13:21:32'),
(116, 1, 'бал71', '2013-11-02 13:21:36'),
(117, 2, 'черти21', '2013-11-02 13:21:58'),
(118, 21, 'крек79', '2013-11-02 13:22:02'),
(119, 12, 'год222', '2013-11-02 13:22:16'),
(120, 19, 'кельт7', '2013-11-02 13:22:22'),
(121, 31, 'тилибом', '2013-11-02 13:22:41'),
(122, 9, 'кира5', '2013-11-02 13:22:53'),
(123, 24, 'яд623', '2013-11-02 13:22:55'),
(124, 14, 'песик8', '2013-11-02 13:23:08'),
(125, 8, 'шах2', '2013-11-02 13:23:39'),
(126, 2, 'тилибом', '2013-11-02 13:23:40'),
(127, 16, 'бал71', '2013-11-02 13:23:43'),
(128, 7, 'крах24', '2013-11-02 13:23:51'),
(129, 17, 'шик31', '2013-11-02 13:23:56'),
(130, 19, 'тир1', '2013-11-02 13:24:14'),
(131, 19, 'мазь281', '2013-11-02 13:24:14'),
(132, 9, 'крах24', '2013-11-02 13:24:24'),
(133, 26, 'темп27', '2013-11-02 13:24:38'),
(134, 3, 'сом93', '2013-11-02 13:24:41'),
(135, 5, 'тир1', '2013-11-02 13:25:02'),
(136, 3, 'неделя50', '2013-11-02 13:27:01'),
(137, 24, 'кельт7', '2013-11-02 13:27:52'),
(138, 10, 'яд623', '2013-11-02 13:37:30');

-- --------------------------------------------------------

--
-- Структура таблицы `cha_team_labels`
--

CREATE TABLE IF NOT EXISTS `cha_team_labels` (
  `id` int(11) NOT NULL AUTO_INCREMENT,
  `team_id` int(11) NOT NULL,
  `label_id` int(11) NOT NULL,
  `taken` datetime NOT NULL,
  `done` datetime DEFAULT NULL,
  PRIMARY KEY (`id`),
  UNIQUE KEY `team_id` (`team_id`,`label_id`)
) ENGINE=MyISAM  DEFAULT CHARSET=utf8 AUTO_INCREMENT=401 ;

--
-- Дамп данных таблицы `cha_team_labels`
--

INSERT INTO `cha_team_labels` (`id`, `team_id`, `label_id`, `taken`, `done`) VALUES
(1, 12, 50, '2013-11-02 12:54:24', '2013-11-02 12:59:24'),
(2, 5, 17, '2013-11-02 12:54:27', '2013-11-02 12:59:27'),
(3, 10, 19, '2013-11-02 12:54:28', '2013-11-02 12:59:28'),
(4, 5, 5, '2013-11-02 12:54:31', '2013-11-02 12:59:31'),
(5, 12, 40, '2013-11-02 12:54:32', '2013-11-02 12:59:32'),
(6, 13, 53, '2013-11-02 12:54:35', '2013-11-02 12:59:35'),
(7, 1, 20, '2013-11-02 12:54:38', '2013-11-02 12:59:38'),
(8, 5, 38, '2013-11-02 12:54:39', '2013-11-02 12:59:39'),
(9, 1, 54, '2013-11-02 12:54:48', '2013-11-02 12:59:48'),
(10, 21, 39, '2013-11-02 12:54:48', '2013-11-02 12:59:48'),
(11, 17, 26, '2013-11-02 12:54:49', '2013-11-02 12:59:49'),
(12, 4, 50, '2013-11-02 12:54:52', '2013-11-02 12:59:52'),
(13, 13, 7, '2013-11-02 12:54:53', '2013-11-02 12:59:53'),
(14, 21, 52, '2013-11-02 12:54:53', '2013-11-02 12:59:53'),
(15, 1, 42, '2013-11-02 12:54:54', '2013-11-02 12:59:54'),
(16, 4, 49, '2013-11-02 12:54:55', '2013-11-02 12:59:55'),
(17, 14, 5, '2013-11-02 12:54:56', '2013-11-02 12:59:56'),
(18, 17, 25, '2013-11-02 12:54:58', '2013-11-02 12:59:58'),
(19, 17, 38, '2013-11-02 12:55:00', '2013-11-02 13:00:00'),
(20, 9, 43, '2013-11-02 12:55:00', '2013-11-02 13:00:00'),
(21, 14, 41, '2013-11-02 12:55:02', '2013-11-02 13:00:02'),
(22, 11, 41, '2013-11-02 12:55:05', '2013-11-02 13:00:05'),
(23, 20, 11, '2013-11-02 12:55:07', '2013-11-02 13:00:07'),
(24, 20, 40, '2013-11-02 12:55:10', '2013-11-02 13:00:10'),
(25, 21, 25, '2013-11-02 12:55:14', '2013-11-02 13:00:14'),
(26, 4, 40, '2013-11-02 12:55:14', '2013-11-02 13:00:14'),
(27, 15, 46, '2013-11-02 12:55:15', '2013-11-02 13:00:15'),
(28, 25, 38, '2013-11-02 12:55:17', '2013-11-02 13:00:17'),
(29, 7, 35, '2013-11-02 12:55:20', '2013-11-02 13:00:20'),
(30, 15, 15, '2013-11-02 12:55:23', '2013-11-02 13:00:23'),
(31, 3, 34, '2013-11-02 12:55:27', '2013-11-02 13:00:27'),
(32, 25, 4, '2013-11-02 12:55:28', '2013-11-02 13:00:28'),
(33, 3, 52, '2013-11-02 12:55:29', '2013-11-02 13:00:29'),
(34, 31, 30, '2013-11-02 12:55:29', '2013-11-02 13:00:29'),
(35, 12, 26, '2013-11-02 12:55:37', '2013-11-02 13:00:37'),
(36, 11, 8, '2013-11-02 12:55:43', '2013-11-02 13:00:43'),
(37, 9, 4, '2013-11-02 12:55:50', '2013-11-02 13:00:50'),
(38, 31, 7, '2013-11-02 12:56:03', '2013-11-02 13:01:03'),
(39, 25, 34, '2013-11-02 12:56:05', '2013-11-02 13:01:05'),
(40, 26, 31, '2013-11-02 12:56:07', '2013-11-02 13:01:07'),
(41, 26, 41, '2013-11-02 12:56:09', '2013-11-02 13:01:09'),
(42, 9, 7, '2013-11-02 12:56:13', '2013-11-02 13:01:13'),
(43, 15, 39, '2013-11-02 12:56:18', '2013-11-02 13:01:18'),
(44, 7, 54, '2013-11-02 12:56:32', '2013-11-02 13:01:32'),
(45, 19, 53, '2013-11-02 12:56:40', '2013-11-02 13:01:40'),
(46, 19, 22, '2013-11-02 12:56:54', '2013-11-02 13:01:54'),
(47, 14, 12, '2013-11-02 12:56:55', '2013-11-02 13:01:55'),
(48, 8, 24, '2013-11-02 12:56:59', '2013-11-02 13:01:59'),
(49, 8, 53, '2013-11-02 12:57:00', '2013-11-02 13:02:00'),
(50, 2, 53, '2013-11-02 12:57:05', '2013-11-02 13:02:05'),
(51, 19, 26, '2013-11-02 12:58:03', '2013-11-02 13:03:03'),
(52, 28, 46, '2013-11-02 12:58:03', '2013-11-02 13:03:03'),
(53, 7, 46, '2013-11-02 12:58:08', '2013-11-02 13:03:08'),
(54, 28, 4, '2013-11-02 12:58:09', '2013-11-02 13:03:09'),
(55, 2, 10, '2013-11-02 12:58:12', '2013-11-02 13:03:12'),
(56, 28, 41, '2013-11-02 12:58:15', '2013-11-02 13:03:15'),
(57, 26, 18, '2013-11-02 12:58:15', '2013-11-02 13:03:15'),
(58, 19, 21, '2013-11-02 12:58:24', '2013-11-02 13:03:24'),
(59, 8, 50, '2013-11-02 12:58:26', '2013-11-02 13:03:26'),
(60, 1, 17, '2013-11-02 12:59:04', '2013-11-02 13:04:04'),
(61, 6, 7, '2013-11-02 12:59:04', '2013-11-02 13:04:04'),
(62, 6, 42, '2013-11-02 12:59:04', '2013-11-02 13:04:04'),
(63, 6, 5, '2013-11-02 12:59:06', '2013-11-02 13:04:06'),
(64, 8, 12, '2013-11-02 12:59:24', '2013-11-02 13:04:24'),
(65, 10, 33, '2013-11-02 12:59:27', '2013-11-02 13:04:27'),
(66, 10, 18, '2013-11-02 12:59:39', '2013-11-02 13:04:39'),
(67, 1, 53, '2013-11-02 12:59:42', '2013-11-02 13:04:42'),
(68, 20, 38, '2013-11-02 12:59:52', '2013-11-02 13:04:52'),
(69, 5, 54, '2013-11-02 12:59:54', '2013-11-02 13:04:54'),
(70, 1, 24, '2013-11-02 12:59:57', '2013-11-02 13:04:57'),
(71, 13, 43, '2013-11-02 12:59:58', '2013-11-02 13:04:58'),
(72, 13, 52, '2013-11-02 12:59:59', '2013-11-02 13:04:59'),
(73, 17, 41, '2013-11-02 13:00:04', '2013-11-02 13:05:04'),
(74, 2, 31, '2013-11-02 13:00:04', '2013-11-02 13:05:04'),
(75, 17, 46, '2013-11-02 13:00:07', '2013-11-02 13:05:07'),
(76, 14, 53, '2013-11-02 13:00:07', '2013-11-02 13:05:07'),
(77, 17, 18, '2013-11-02 13:00:10', '2013-11-02 13:05:10'),
(78, 31, 31, '2013-11-02 13:00:13', '2013-11-02 13:05:13'),
(79, 10, 40, '2013-11-02 13:00:19', '2013-11-02 13:05:19'),
(80, 14, 22, '2013-11-02 13:00:20', '2013-11-02 13:05:20'),
(81, 5, 53, '2013-11-02 13:00:27', '2013-11-02 13:05:27'),
(82, 5, 46, '2013-11-02 13:00:27', '2013-11-02 13:05:27'),
(83, 20, 41, '2013-11-02 13:00:33', '2013-11-02 13:05:33'),
(84, 7, 15, '2013-11-02 13:00:41', '2013-11-02 13:05:41'),
(85, 25, 32, '2013-11-02 13:00:54', '2013-11-02 13:05:54'),
(86, 9, 24, '2013-11-02 13:01:02', '2013-11-02 13:06:02'),
(87, 21, 40, '2013-11-02 13:01:08', '2013-11-02 13:06:08'),
(88, 21, 31, '2013-11-02 13:01:09', '2013-11-02 13:06:09'),
(89, 21, 42, '2013-11-02 13:01:10', '2013-11-02 13:06:10'),
(90, 11, 49, '2013-11-02 13:01:11', '2013-11-02 13:06:11'),
(91, 26, 27, '2013-11-02 13:01:31', '2013-11-02 13:06:31'),
(92, 26, 20, '2013-11-02 13:01:31', '2013-11-02 13:06:31'),
(93, 15, 1, '2013-11-02 13:01:32', '2013-11-02 13:06:32'),
(94, 13, 15, '2013-11-02 13:01:36', '2013-11-02 13:06:36'),
(95, 19, 4, '2013-11-02 13:01:44', '2013-11-02 13:06:44'),
(96, 20, 46, '2013-11-02 13:01:44', '2013-11-02 13:06:44'),
(97, 12, 10, '2013-11-02 13:01:47', '2013-11-02 13:06:47'),
(98, 15, 40, '2013-11-02 13:01:49', '2013-11-02 13:06:49'),
(99, 7, 10, '2013-11-02 13:01:50', '2013-11-02 13:06:50'),
(100, 12, 11, '2013-11-02 13:01:54', '2013-11-02 13:06:54'),
(101, 12, 31, '2013-11-02 13:01:54', '2013-11-02 13:06:54'),
(102, 15, 26, '2013-11-02 13:02:06', '2013-11-02 13:07:06'),
(103, 2, 23, '2013-11-02 13:02:14', '2013-11-02 13:07:14'),
(104, 14, 40, '2013-11-02 13:02:18', '2013-11-02 13:07:18'),
(105, 3, 41, '2013-11-02 13:02:30', '2013-11-02 13:07:30'),
(106, 25, 24, '2013-11-02 13:02:47', '2013-11-02 13:07:47'),
(107, 4, 18, '2013-11-02 13:02:48', '2013-11-02 13:07:48'),
(108, 8, 46, '2013-11-02 13:02:54', '2013-11-02 13:07:54'),
(109, 24, 5, '2013-11-02 13:03:14', '2013-11-02 13:08:14'),
(110, 19, 17, '2013-11-02 13:03:15', '2013-11-02 13:08:15'),
(111, 7, 39, '2013-11-02 13:03:15', '2013-11-02 13:08:15'),
(112, 2, 28, '2013-11-02 13:03:18', '2013-11-02 13:08:18'),
(113, 31, 5, '2013-11-02 13:03:19', '2013-11-02 13:08:19'),
(114, 28, 43, '2013-11-02 13:03:24', '2013-11-02 13:08:24'),
(115, 19, 35, '2013-11-02 13:03:27', '2013-11-02 13:08:27'),
(116, 8, 42, '2013-11-02 13:03:52', '2013-11-02 13:08:52'),
(117, 1, 30, '2013-11-02 13:04:07', '2013-11-02 13:09:07'),
(118, 16, 17, '2013-11-02 13:04:26', '2013-11-02 13:09:26'),
(119, 16, 27, '2013-11-02 13:04:28', '2013-11-02 13:09:28'),
(120, 9, 18, '2013-11-02 13:04:30', '2013-11-02 13:09:30'),
(121, 6, 1, '2013-11-02 13:04:33', '2013-11-02 13:09:33'),
(122, 27, 20, '2013-11-02 13:04:35', '2013-11-02 13:09:35'),
(123, 16, 48, '2013-11-02 13:04:39', '2013-11-02 13:09:39'),
(124, 6, 8, '2013-11-02 13:04:39', '2013-11-02 13:09:39'),
(125, 6, 28, '2013-11-02 13:04:40', '2013-11-02 13:09:40'),
(126, 1, 10, '2013-11-02 13:04:45', '2013-11-02 13:09:45'),
(127, 26, 48, '2013-11-02 13:04:49', '2013-11-02 13:09:49'),
(128, 10, 24, '2013-11-02 13:04:49', '2013-11-02 13:09:49'),
(129, 31, 8, '2013-11-02 13:04:50', '2013-11-02 13:09:50'),
(130, 10, 53, '2013-11-02 13:04:51', '2013-11-02 13:09:51'),
(131, 3, 49, '2013-11-02 13:04:52', '2013-11-02 13:09:52'),
(132, 13, 34, '2013-11-02 13:05:04', '2013-11-02 13:10:04'),
(133, 1, 35, '2013-11-02 13:05:07', '2013-11-02 13:10:07'),
(134, 14, 26, '2013-11-02 13:05:10', '2013-11-02 13:10:10'),
(135, 5, 52, '2013-11-02 13:05:11', '2013-11-02 13:10:11'),
(136, 2, 11, '2013-11-02 13:05:15', '2013-11-02 13:10:15'),
(137, 17, 20, '2013-11-02 13:05:16', '2013-11-02 13:10:16'),
(138, 17, 7, '2013-11-02 13:05:22', '2013-11-02 13:10:22'),
(139, 2, 32, '2013-11-02 13:05:25', '2013-11-02 13:10:25'),
(140, 17, 28, '2013-11-02 13:05:27', '2013-11-02 13:10:27'),
(141, 25, 7, '2013-11-02 13:05:34', '2013-11-02 13:10:34'),
(142, 31, 50, '2013-11-02 13:05:37', '2013-11-02 13:10:37'),
(143, 14, 39, '2013-11-02 13:05:41', '2013-11-02 13:10:41'),
(144, 20, 25, '2013-11-02 13:05:45', '2013-11-02 13:10:45'),
(145, 5, 7, '2013-11-02 13:05:46', '2013-11-02 13:10:46'),
(146, 13, 27, '2013-11-02 13:05:48', '2013-11-02 13:10:48'),
(147, 5, 11, '2013-11-02 13:05:49', '2013-11-02 13:10:49'),
(148, 7, 31, '2013-11-02 13:05:54', '2013-11-02 13:10:54'),
(149, 20, 23, '2013-11-02 13:06:01', '2013-11-02 13:11:01'),
(150, 25, 23, '2013-11-02 13:06:09', '2013-11-02 13:11:09'),
(151, 21, 18, '2013-11-02 13:06:16', '2013-11-02 13:11:16'),
(152, 24, 23, '2013-11-02 13:06:20', '2013-11-02 13:11:20'),
(153, 21, 22, '2013-11-02 13:06:29', '2013-11-02 13:11:29'),
(154, 21, 5, '2013-11-02 13:06:30', '2013-11-02 13:11:30'),
(155, 15, 41, '2013-11-02 13:06:38', '2013-11-02 13:11:38'),
(156, 9, 15, '2013-11-02 13:06:40', '2013-11-02 13:11:40'),
(157, 19, 24, '2013-11-02 13:06:47', '2013-11-02 13:11:47'),
(158, 12, 27, '2013-11-02 13:06:51', '2013-11-02 13:11:51'),
(159, 15, 30, '2013-11-02 13:06:52', '2013-11-02 13:11:52'),
(160, 7, 38, '2013-11-02 13:06:56', '2013-11-02 13:11:56'),
(161, 20, 4, '2013-11-02 13:06:57', '2013-11-02 13:11:57'),
(162, 15, 18, '2013-11-02 13:07:17', '2013-11-02 13:12:17'),
(163, 14, 43, '2013-11-02 13:07:24', '2013-11-02 13:12:24'),
(164, 12, 20, '2013-11-02 13:07:27', '2013-11-02 13:12:27'),
(165, 12, 46, '2013-11-02 13:07:30', '2013-11-02 13:12:30'),
(166, 3, 24, '2013-11-02 13:08:12', '2013-11-02 13:13:12'),
(167, 4, 23, '2013-11-02 13:08:17', '2013-11-02 13:13:17'),
(168, 10, 4, '2013-11-02 13:08:20', '2013-11-02 13:13:20'),
(169, 3, 33, '2013-11-02 13:08:23', '2013-11-02 13:13:23'),
(170, 31, 1, '2013-11-02 13:08:24', '2013-11-02 13:13:24'),
(171, 7, 43, '2013-11-02 13:08:25', '2013-11-02 13:13:25'),
(172, 2, 38, '2013-11-02 13:08:31', '2013-11-02 13:13:31'),
(173, 28, 21, '2013-11-02 13:08:34', '2013-11-02 13:13:34'),
(174, 26, 34, '2013-11-02 13:08:48', '2013-11-02 13:13:48'),
(175, 8, 40, '2013-11-02 13:08:48', '2013-11-02 13:13:48'),
(176, 19, 42, '2013-11-02 13:08:52', '2013-11-02 13:13:52'),
(177, 19, 38, '2013-11-02 13:08:57', '2013-11-02 13:13:57'),
(178, 1, 1, '2013-11-02 13:09:10', '2013-11-02 13:14:10'),
(179, 8, 35, '2013-11-02 13:09:11', '2013-11-02 13:14:11'),
(180, 24, 15, '2013-11-02 13:09:15', '2013-11-02 13:14:15'),
(181, 9, 10, '2013-11-02 13:09:27', '2013-11-02 13:14:27'),
(182, 24, 24, '2013-11-02 13:09:43', '2013-11-02 13:14:43'),
(183, 27, 27, '2013-11-02 13:09:46', '2013-11-02 13:14:46'),
(184, 1, 11, '2013-11-02 13:09:48', '2013-11-02 13:14:48'),
(185, 6, 43, '2013-11-02 13:09:50', '2013-11-02 13:14:50'),
(186, 31, 23, '2013-11-02 13:09:54', '2013-11-02 13:14:54'),
(187, 6, 20, '2013-11-02 13:09:54', '2013-11-02 13:14:54'),
(188, 6, 24, '2013-11-02 13:09:57', '2013-11-02 13:14:57'),
(189, 3, 32, '2013-11-02 13:10:07', '2013-11-02 13:15:07'),
(190, 13, 8, '2013-11-02 13:10:10', '2013-11-02 13:15:10'),
(191, 16, 20, '2013-11-02 13:10:10', '2013-11-02 13:15:10'),
(192, 1, 26, '2013-11-02 13:10:10', '2013-11-02 13:15:10'),
(193, 14, 19, '2013-11-02 13:10:17', '2013-11-02 13:15:17'),
(194, 5, 39, '2013-11-02 13:10:17', '2013-11-02 13:15:17'),
(195, 16, 12, '2013-11-02 13:10:21', '2013-11-02 13:15:21'),
(196, 2, 50, '2013-11-02 13:10:21', '2013-11-02 13:15:21'),
(197, 2, 30, '2013-11-02 13:10:30', '2013-11-02 13:15:30'),
(198, 17, 24, '2013-11-02 13:10:32', '2013-11-02 13:15:32'),
(199, 10, 28, '2013-11-02 13:10:37', '2013-11-02 13:15:37'),
(200, 31, 54, '2013-11-02 13:10:40', '2013-11-02 13:15:40'),
(201, 17, 53, '2013-11-02 13:10:42', '2013-11-02 13:15:42'),
(202, 14, 42, '2013-11-02 13:10:49', '2013-11-02 13:15:49'),
(203, 26, 1, '2013-11-02 13:10:49', '2013-11-02 13:15:49'),
(204, 17, 10, '2013-11-02 13:10:53', '2013-11-02 13:15:53'),
(205, 5, 33, '2013-11-02 13:11:17', '2013-11-02 13:16:17'),
(206, 7, 22, '2013-11-02 13:11:21', '2013-11-02 13:16:21'),
(207, 10, 50, '2013-11-02 13:11:26', '2013-11-02 13:16:26'),
(208, 5, 50, '2013-11-02 13:11:27', '2013-11-02 13:16:27'),
(209, 20, 43, '2013-11-02 13:11:28', '2013-11-02 13:16:28'),
(210, 13, 54, '2013-11-02 13:11:29', '2013-11-02 13:16:29'),
(211, 21, 4, '2013-11-02 13:11:38', '2013-11-02 13:16:38'),
(212, 9, 28, '2013-11-02 13:11:40', '2013-11-02 13:16:40'),
(213, 21, 12, '2013-11-02 13:11:42', '2013-11-02 13:16:42'),
(214, 21, 41, '2013-11-02 13:11:46', '2013-11-02 13:16:46'),
(215, 15, 19, '2013-11-02 13:11:47', '2013-11-02 13:16:47'),
(216, 12, 43, '2013-11-02 13:11:54', '2013-11-02 13:16:54'),
(217, 19, 34, '2013-11-02 13:11:54', '2013-11-02 13:16:54'),
(218, 15, 42, '2013-11-02 13:12:04', '2013-11-02 13:17:04'),
(219, 20, 53, '2013-11-02 13:12:09', '2013-11-02 13:17:09'),
(220, 20, 1, '2013-11-02 13:12:17', '2013-11-02 13:17:17'),
(221, 25, 39, '2013-11-02 13:12:23', '2013-11-02 13:17:23'),
(222, 25, 27, '2013-11-02 13:12:26', '2013-11-02 13:17:26'),
(223, 14, 1, '2013-11-02 13:12:28', '2013-11-02 13:17:28'),
(224, 25, 25, '2013-11-02 13:12:29', '2013-11-02 13:17:29'),
(225, 15, 12, '2013-11-02 13:12:30', '2013-11-02 13:17:30'),
(226, 12, 22, '2013-11-02 13:12:35', '2013-11-02 13:17:35'),
(227, 7, 1, '2013-11-02 13:12:35', '2013-11-02 13:17:35'),
(228, 12, 42, '2013-11-02 13:12:37', '2013-11-02 13:17:37'),
(229, 24, 19, '2013-11-02 13:12:48', '2013-11-02 13:17:48'),
(230, 27, 38, '2013-11-02 13:13:19', '2013-11-02 13:18:19'),
(231, 27, 7, '2013-11-02 13:13:20', '2013-11-02 13:18:20'),
(232, 31, 24, '2013-11-02 13:13:28', '2013-11-02 13:18:28'),
(233, 7, 42, '2013-11-02 13:13:32', '2013-11-02 13:18:32'),
(234, 13, 32, '2013-11-02 13:13:37', '2013-11-02 13:18:37'),
(235, 3, 10, '2013-11-02 13:13:42', '2013-11-02 13:18:42'),
(236, 3, 11, '2013-11-02 13:13:43', '2013-11-02 13:18:43'),
(237, 28, 52, '2013-11-02 13:13:48', '2013-11-02 13:18:48'),
(238, 28, 48, '2013-11-02 13:13:50', '2013-11-02 13:18:50'),
(239, 2, 27, '2013-11-02 13:13:56', '2013-11-02 13:18:56'),
(240, 19, 39, '2013-11-02 13:13:57', '2013-11-02 13:18:57'),
(241, 26, 49, '2013-11-02 13:14:00', '2013-11-02 13:19:00'),
(242, 4, 53, '2013-11-02 13:14:00', '2013-11-02 13:19:00'),
(243, 19, 43, '2013-11-02 13:14:04', '2013-11-02 13:19:04'),
(244, 9, 50, '2013-11-02 13:14:07', '2013-11-02 13:19:07'),
(245, 1, 39, '2013-11-02 13:14:12', '2013-11-02 13:19:12'),
(246, 9, 42, '2013-11-02 13:14:34', '2013-11-02 13:19:34'),
(247, 8, 38, '2013-11-02 13:14:37', '2013-11-02 13:19:37'),
(248, 1, 40, '2013-11-02 13:14:52', '2013-11-02 13:19:52'),
(249, 8, 4, '2013-11-02 13:14:53', '2013-11-02 13:19:53'),
(250, 6, 41, '2013-11-02 13:14:57', '2013-11-02 13:19:57'),
(251, 31, 40, '2013-11-02 13:15:00', '2013-11-02 13:20:00'),
(252, 16, 42, '2013-11-02 13:15:09', '2013-11-02 13:20:09'),
(253, 6, 10, '2013-11-02 13:15:11', '2013-11-02 13:20:11'),
(254, 1, 48, '2013-11-02 13:15:13', '2013-11-02 13:20:13'),
(255, 6, 46, '2013-11-02 13:15:14', '2013-11-02 13:20:14'),
(256, 13, 46, '2013-11-02 13:15:20', '2013-11-02 13:20:20'),
(257, 2, 19, '2013-11-02 13:15:27', '2013-11-02 13:20:27'),
(258, 5, 18, '2013-11-02 13:15:36', '2013-11-02 13:20:36'),
(259, 2, 17, '2013-11-02 13:15:36', '2013-11-02 13:20:36'),
(260, 14, 28, '2013-11-02 13:15:40', '2013-11-02 13:20:40'),
(261, 31, 17, '2013-11-02 13:15:49', '2013-11-02 13:20:49'),
(262, 16, 31, '2013-11-02 13:15:54', '2013-11-02 13:20:54'),
(263, 10, 49, '2013-11-02 13:16:00', '2013-11-02 13:21:00'),
(264, 26, 52, '2013-11-02 13:16:00', '2013-11-02 13:21:00'),
(265, 17, 39, '2013-11-02 13:16:00', '2013-11-02 13:21:00'),
(266, 17, 8, '2013-11-02 13:16:01', '2013-11-02 13:21:01'),
(267, 17, 23, '2013-11-02 13:16:09', '2013-11-02 13:21:09'),
(268, 10, 34, '2013-11-02 13:16:11', '2013-11-02 13:21:11'),
(269, 14, 17, '2013-11-02 13:16:12', '2013-11-02 13:21:12'),
(270, 3, 25, '2013-11-02 13:16:13', '2013-11-02 13:21:13'),
(271, 24, 40, '2013-11-02 13:16:21', '2013-11-02 13:21:21'),
(272, 7, 33, '2013-11-02 13:16:30', '2013-11-02 13:21:30'),
(273, 26, 43, '2013-11-02 13:16:31', '2013-11-02 13:21:31'),
(274, 13, 1, '2013-11-02 13:16:36', '2013-11-02 13:21:36'),
(275, 24, 43, '2013-11-02 13:16:37', '2013-11-02 13:21:37'),
(276, 5, 26, '2013-11-02 13:16:40', '2013-11-02 13:21:40'),
(277, 5, 24, '2013-11-02 13:16:47', '2013-11-02 13:21:47'),
(278, 21, 24, '2013-11-02 13:16:49', '2013-11-02 13:21:49'),
(279, 21, 15, '2013-11-02 13:16:51', '2013-11-02 13:21:51'),
(280, 21, 23, '2013-11-02 13:16:51', '2013-11-02 13:21:51'),
(281, 15, 52, '2013-11-02 13:16:55', '2013-11-02 13:21:55'),
(282, 12, 30, '2013-11-02 13:16:57', '2013-11-02 13:21:57'),
(283, 4, 26, '2013-11-02 13:16:59', '2013-11-02 13:21:59'),
(284, 8, 26, '2013-11-02 13:17:01', '2013-11-02 13:22:01'),
(285, 19, 23, '2013-11-02 13:17:02', '2013-11-02 13:22:02'),
(286, 16, 54, '2013-11-02 13:17:09', '2013-11-02 13:22:09'),
(287, 20, 48, '2013-11-02 13:17:11', '2013-11-02 13:22:11'),
(288, 15, 22, '2013-11-02 13:17:12', '2013-11-02 13:22:12'),
(289, 25, 18, '2013-11-02 13:17:32', '2013-11-02 13:22:32'),
(290, 14, 31, '2013-11-02 13:17:33', '2013-11-02 13:22:33'),
(291, 25, 42, '2013-11-02 13:17:35', '2013-11-02 13:22:35'),
(292, 25, 26, '2013-11-02 13:17:37', '2013-11-02 13:22:37'),
(293, 15, 43, '2013-11-02 13:17:38', '2013-11-02 13:22:38'),
(294, 7, 52, '2013-11-02 13:17:40', '2013-11-02 13:22:40'),
(295, 20, 20, '2013-11-02 13:17:42', '2013-11-02 13:22:42'),
(296, 12, 7, '2013-11-02 13:17:43', '2013-11-02 13:22:43'),
(297, 12, 41, '2013-11-02 13:17:46', '2013-11-02 13:22:46'),
(298, 10, 17, '2013-11-02 13:17:49', '2013-11-02 13:22:49'),
(299, 20, 31, '2013-11-02 13:17:57', '2013-11-02 13:22:57'),
(300, 9, 21, '2013-11-02 13:17:57', '2013-11-02 13:22:57'),
(301, 4, 52, '2013-11-02 13:18:16', '2013-11-02 13:23:16'),
(302, 27, 35, '2013-11-02 13:18:31', '2013-11-02 13:23:31'),
(303, 31, 38, '2013-11-02 13:18:31', '2013-11-02 13:23:31'),
(304, 7, 53, '2013-11-02 13:18:38', '2013-11-02 13:23:38'),
(305, 11, 31, '2013-11-02 13:18:40', '2013-11-02 13:23:40'),
(306, 11, 40, '2013-11-02 13:18:43', '2013-11-02 13:23:43'),
(307, 13, 30, '2013-11-02 13:18:44', '2013-11-02 13:23:44'),
(308, 27, 23, '2013-11-02 13:18:51', '2013-11-02 13:23:51'),
(309, 3, 4, '2013-11-02 13:18:54', '2013-11-02 13:23:54'),
(310, 11, 11, '2013-11-02 13:18:54', '2013-11-02 13:23:54'),
(311, 3, 53, '2013-11-02 13:18:57', '2013-11-02 13:23:57'),
(312, 28, 17, '2013-11-02 13:18:59', '2013-11-02 13:23:59'),
(313, 19, 15, '2013-11-02 13:19:01', '2013-11-02 13:24:01'),
(314, 2, 33, '2013-11-02 13:19:02', '2013-11-02 13:24:02'),
(315, 19, 1, '2013-11-02 13:19:08', '2013-11-02 13:24:08'),
(316, 1, 38, '2013-11-02 13:19:15', '2013-11-02 13:24:15'),
(317, 4, 21, '2013-11-02 13:19:34', '2013-11-02 13:24:34'),
(318, 24, 42, '2013-11-02 13:19:39', '2013-11-02 13:24:39'),
(319, 1, 5, '2013-11-02 13:19:55', '2013-11-02 13:24:55'),
(320, 31, 33, '2013-11-02 13:20:05', '2013-11-02 13:25:05'),
(321, 1, 41, '2013-11-02 13:20:17', '2013-11-02 13:25:17'),
(322, 16, 53, '2013-11-02 13:20:18', '2013-11-02 13:25:18'),
(323, 26, 25, '2013-11-02 13:20:29', '2013-11-02 13:25:29'),
(324, 9, 23, '2013-11-02 13:20:31', '2013-11-02 13:25:31'),
(325, 2, 8, '2013-11-02 13:20:33', '2013-11-02 13:25:33'),
(326, 9, 1, '2013-11-02 13:20:33', '2013-11-02 13:25:33'),
(327, 2, 40, '2013-11-02 13:20:41', '2013-11-02 13:25:41'),
(328, 6, 35, '2013-11-02 13:20:52', '2013-11-02 13:25:52'),
(329, 31, 41, '2013-11-02 13:20:53', '2013-11-02 13:25:53'),
(330, 6, 48, '2013-11-02 13:20:55', '2013-11-02 13:25:55'),
(331, 6, 40, '2013-11-02 13:20:58', '2013-11-02 13:25:58'),
(332, 13, 40, '2013-11-02 13:21:01', '2013-11-02 13:26:01'),
(333, 5, 1, '2013-11-02 13:21:20', '2013-11-02 13:26:20'),
(334, 16, 5, '2013-11-02 13:21:20', '2013-11-02 13:26:20'),
(335, 10, 21, '2013-11-02 13:21:22', '2013-11-02 13:26:22'),
(336, 3, 28, '2013-11-02 13:21:23', '2013-11-02 13:26:23'),
(337, 26, 10, '2013-11-02 13:21:23', '2013-11-02 13:26:23'),
(338, 7, 19, '2013-11-02 13:21:34', '2013-11-02 13:26:34'),
(339, 10, 30, '2013-11-02 13:21:36', '2013-11-02 13:26:36'),
(340, 17, 34, '2013-11-02 13:21:38', '2013-11-02 13:26:38'),
(341, 24, 28, '2013-11-02 13:21:48', '2013-11-02 13:26:48'),
(342, 8, 52, '2013-11-02 13:21:51', '2013-11-02 13:26:51'),
(343, 12, 53, '2013-11-02 13:22:02', '2013-11-02 13:27:02'),
(344, 15, 27, '2013-11-02 13:22:02', '2013-11-02 13:27:02'),
(345, 19, 18, '2013-11-02 13:22:08', '2013-11-02 13:27:08'),
(346, 8, 18, '2013-11-02 13:22:11', '2013-11-02 13:27:11'),
(347, 24, 34, '2013-11-02 13:22:14', '2013-11-02 13:27:14'),
(348, 14, 20, '2013-11-02 13:22:19', '2013-11-02 13:27:19'),
(349, 17, 17, '2013-11-02 13:22:19', '2013-11-02 13:27:19'),
(350, 4, 11, '2013-11-02 13:22:23', '2013-11-02 13:27:23'),
(351, 5, 19, '2013-11-02 13:22:24', '2013-11-02 13:27:24'),
(352, 17, 49, '2013-11-02 13:22:25', '2013-11-02 13:27:25'),
(353, 15, 32, '2013-11-02 13:22:29', '2013-11-02 13:27:29'),
(354, 21, 34, '2013-11-02 13:22:33', '2013-11-02 13:27:33'),
(355, 25, 40, '2013-11-02 13:22:37', '2013-11-02 13:27:37'),
(356, 25, 8, '2013-11-02 13:22:39', '2013-11-02 13:27:39'),
(357, 25, 33, '2013-11-02 13:22:40', '2013-11-02 13:27:40'),
(358, 15, 5, '2013-11-02 13:22:43', '2013-11-02 13:27:43'),
(359, 5, 21, '2013-11-02 13:22:44', '2013-11-02 13:27:44'),
(360, 12, 4, '2013-11-02 13:22:46', '2013-11-02 13:27:46'),
(361, 7, 4, '2013-11-02 13:22:46', '2013-11-02 13:27:46'),
(362, 26, 26, '2013-11-02 13:22:51', '2013-11-02 13:27:51'),
(363, 12, 33, '2013-11-02 13:22:53', '2013-11-02 13:27:53'),
(364, 20, 50, '2013-11-02 13:22:54', '2013-11-02 13:27:54'),
(365, 13, 20, '2013-11-02 13:23:01', '2013-11-02 13:28:01'),
(366, 20, 30, '2013-11-02 13:23:14', '2013-11-02 13:28:14'),
(367, 14, 18, '2013-11-02 13:23:17', '2013-11-02 13:28:17'),
(368, 21, 48, '2013-11-02 13:23:19', '2013-11-02 13:28:19'),
(369, 21, 43, '2013-11-02 13:23:22', '2013-11-02 13:28:22'),
(370, 9, 19, '2013-11-02 13:23:24', '2013-11-02 13:28:24'),
(371, 31, 32, '2013-11-02 13:23:34', '2013-11-02 13:28:34'),
(372, 4, 4, '2013-11-02 13:23:39', '2013-11-02 13:28:39'),
(373, 27, 1, '2013-11-02 13:23:55', '2013-11-02 13:28:55'),
(374, 7, 20, '2013-11-02 13:23:56', '2013-11-02 13:28:56'),
(375, 8, 27, '2013-11-02 13:24:01', '2013-11-02 13:29:01'),
(376, 27, 42, '2013-11-02 13:24:02', '2013-11-02 13:29:02'),
(377, 19, 27, '2013-11-02 13:24:05', '2013-11-02 13:29:05'),
(378, 2, 22, '2013-11-02 13:24:07', '2013-11-02 13:29:07'),
(379, 16, 1, '2013-11-02 13:24:08', '2013-11-02 13:29:08'),
(380, 19, 50, '2013-11-02 13:24:16', '2013-11-02 13:29:16'),
(381, 1, 43, '2013-11-02 13:24:18', '2013-11-02 13:29:18'),
(382, 3, 5, '2013-11-02 13:24:30', '2013-11-02 13:29:30'),
(383, 1, 50, '2013-11-02 13:25:00', '2013-11-02 13:30:00'),
(384, 1, 19, '2013-11-02 13:25:21', '2013-11-02 13:30:21'),
(385, 20, 33, '2013-11-02 13:26:09', '2013-11-02 13:31:09'),
(386, 13, 31, '2013-11-02 13:26:15', '2013-11-02 13:31:15'),
(387, 14, 30, '2013-11-02 13:26:33', '2013-11-02 13:31:33'),
(388, 9, 48, '2013-11-02 13:27:28', '2013-11-02 13:32:28'),
(389, 28, 39, '2013-11-02 13:29:38', '2013-11-02 13:34:38'),
(390, 28, 24, '2013-11-02 13:29:38', '2013-11-02 13:34:38'),
(391, 28, 53, '2013-11-02 13:29:39', '2013-11-02 13:34:39'),
(392, 21, 50, '2013-11-02 13:30:10', '2013-11-02 13:35:10'),
(393, 21, 8, '2013-11-02 13:30:12', '2013-11-02 13:35:12'),
(394, 21, 28, '2013-11-02 13:30:15', '2013-11-02 13:35:15'),
(395, 6, 32, '2013-11-02 13:30:18', '2013-11-02 13:35:18'),
(396, 1, 32, '2013-11-02 13:31:32', '2013-11-02 13:36:32'),
(397, 1, 7, '2013-11-02 13:31:33', '2013-11-02 13:36:33'),
(398, 1, 34, '2013-11-02 13:31:34', '2013-11-02 13:36:34'),
(399, 9, 38, '2013-11-02 13:36:08', NULL),
(400, 28, 54, '2013-11-02 13:42:48', '2013-11-02 13:47:48');

-- --------------------------------------------------------

--
-- Структура таблицы `cha_team_total`
--

CREATE TABLE IF NOT EXISTS `cha_team_total` (
  `team_id` int(11) NOT NULL,
  `total` int(11) DEFAULT NULL,
  `finished` int(11) NOT NULL DEFAULT '0',
  `handicap` int(11) DEFAULT NULL,
  `handicapStart` datetime DEFAULT NULL,
  `place` int(11) NOT NULL DEFAULT '0',
  PRIMARY KEY (`team_id`)
) ENGINE=MyISAM DEFAULT CHARSET=utf8;

--
-- Дамп данных таблицы `cha_team_total`
--

INSERT INTO `cha_team_total` (`team_id`, `total`, `finished`, `handicap`, `handicapStart`, `place`) VALUES
(5, 11997, 0, NULL, NULL, 0),
(2, 11878, 0, NULL, NULL, 0),
(9, 12000, 0, NULL, NULL, 0),
(16, 11843, 0, NULL, NULL, 0),
(20, 11931, 0, NULL, NULL, 0),
(12, 11966, 0, NULL, NULL, 0),
(31, 12000, 0, NULL, NULL, 0),
(28, 12000, 0, NULL, NULL, 0),
(6, 12000, 0, NULL, NULL, 0),
(8, 11828, 0, NULL, NULL, 0),
(10, 12000, 0, NULL, NULL, 0),
(7, 12000, 0, NULL, NULL, 0),
(15, 11982, 0, NULL, NULL, 0),
(13, 12000, 0, NULL, NULL, 0),
(26, 12000, 0, NULL, NULL, 0),
(17, 12000, 0, NULL, NULL, 0),
(21, 12000, 0, NULL, NULL, 0),
(4, 12000, 0, NULL, NULL, 0),
(1, 11942, 0, NULL, NULL, 0),
(3, 12000, 0, NULL, NULL, 0),
(14, 12000, 0, NULL, NULL, 0),
(25, 11932, 0, NULL, NULL, 0),
(19, 11745, 0, NULL, NULL, 0),
(11, 12000, 0, NULL, NULL, 0),
(24, 12000, 0, NULL, NULL, 0),
(27, 12000, 0, NULL, NULL, 0);

-- --------------------------------------------------------

--
-- Структура таблицы `col_objects`
--

CREATE TABLE IF NOT EXISTS `col_objects` (
  `id` int(11) NOT NULL AUTO_INCREMENT,
  `name` varchar(255) NOT NULL,
  `type` enum('town','road','resource','desert') NOT NULL,
  `resource_type` enum('water','stone','flax','wood','total') DEFAULT NULL,
  `initial_code` varchar(255) DEFAULT NULL,
  PRIMARY KEY (`id`),
  UNIQUE KEY `initial_code` (`initial_code`)
) ENGINE=MyISAM  DEFAULT CHARSET=utf8 AUTO_INCREMENT=64 ;

--
-- Дамп данных таблицы `col_objects`
--

INSERT INTO `col_objects` (`id`, `name`, `type`, `resource_type`, `initial_code`) VALUES
(1, 'Рига', 'town', NULL, 'трам456'),
(2, 'Осло', 'town', NULL, 'нужда37'),
(3, 'Дели', 'town', NULL, 'явка472'),
(4, 'Сидней', 'town', NULL, 'момент342'),
(5, 'Бостон', 'town', NULL, 'карась572'),
(6, 'Пекин', 'town', NULL, 'дура472'),
(7, 'Каир', 'town', NULL, 'рама471'),
(8, 'Сеул', 'town', NULL, 'кура472'),
(9, 'Конго', 'town', NULL, 'сосуля47'),
(10, 'Рио', 'town', NULL, 'бомба312'),
(11, 'Бразилиа', 'town', NULL, 'жора72'),
(12, 'Москва', 'town', NULL, 'шанс346'),
(13, 'Перт', 'town', NULL, 'рога73'),
(14, 'Оттава', 'town', NULL, 'вара633'),
(15, 'Париж', 'town', NULL, 'бумс671'),
(16, 'Торонто', 'town', NULL, 'мало371'),
(17, 'Канбера', 'town', NULL, 'кора371'),
(18, 'Мак-мёрдо', 'town', NULL, 'посол167'),
(19, 'Лима', 'town', NULL, 'критик663'),
(20, 'Сентро', 'town', NULL, 'ремень37'),
(21, 'Дорога 1', 'road', NULL, 'дорога1dbe'),
(22, 'Дорога 2', 'road', NULL, 'дорога2jdg'),
(23, 'Дорога 3', 'road', NULL, 'дорога3mur'),
(24, 'Дорога 4', 'road', NULL, 'дорога4ngd'),
(25, 'Дорога 5', 'road', NULL, 'дорога5eee'),
(26, 'Дорога 6', 'road', NULL, 'дорога6uwd'),
(27, 'Дорога 7', 'road', NULL, 'дорога7geq'),
(28, 'Дорога 8', 'road', NULL, 'дорога8geq'),
(29, 'Дорога 9', 'road', NULL, 'дорога9drr'),
(30, 'Дорога 10', 'road', NULL, 'дорога10bfr'),
(31, 'Дорога 11', 'road', NULL, 'дорога11nwq'),
(32, 'Дорога 12', 'road', NULL, 'дорога12keg'),
(33, 'Дорога 13', 'road', NULL, 'дорога13zue'),
(34, 'Дорога 14', 'road', NULL, 'дорога14spq'),
(35, 'Дорога 15', 'road', NULL, 'дорога15nee'),
(36, 'Дорога 16', 'road', NULL, 'дорога16tba'),
(37, 'Дорога 17', 'road', NULL, 'дорога17flr'),
(38, 'Дорога 18', 'road', NULL, 'дорога18hgi'),
(39, 'Дорога 19', 'road', NULL, 'дорога19bak'),
(40, 'Дорога 20', 'road', NULL, 'дорога20xoy'),
(41, 'Дорога 21', 'road', NULL, 'дорога21uga'),
(42, 'Дорога 22', 'road', NULL, 'дорога22dih'),
(43, 'Дорога 23', 'road', NULL, 'дорога23vmy'),
(44, 'Дорога 24', 'road', NULL, 'дорога24slw'),
(45, 'Дорога 25', 'road', NULL, 'дорога25cfp'),
(46, 'Дорога 26', 'road', NULL, 'дорога26alt'),
(47, 'Дорога 27', 'road', NULL, 'дорога27dan'),
(48, 'Дорога 28', 'road', NULL, 'дорога28jmt'),
(49, 'Дорога 29', 'road', NULL, 'дорога29zos'),
(50, 'Дорога 30', 'road', NULL, 'дорога30vyy'),
(51, 'Дорога 31', 'road', NULL, 'дорога31wkh'),
(52, 'Ресурс 1', 'resource', 'stone', NULL),
(53, 'Ресурс 2', 'resource', 'water', NULL),
(54, 'Ресурс 3', 'resource', 'wood', NULL),
(55, 'Ресурс 4', 'resource', 'stone', NULL),
(56, 'Ресурс 5', 'resource', 'wood', NULL),
(57, 'Ресурс 6', 'resource', 'stone', NULL),
(58, 'Пустыня', 'desert', 'total', NULL),
(59, 'Ресурс 7', 'resource', 'flax', NULL),
(60, 'Ресурс 8', 'resource', 'water', NULL),
(61, 'Ресурс 9', 'resource', 'flax', NULL),
(62, 'Ресурс 10', 'resource', 'water', NULL),
(63, 'Ресурс 11', 'resource', 'wood', NULL);

-- --------------------------------------------------------

--
-- Структура таблицы `col_object_neighbors`
--

CREATE TABLE IF NOT EXISTS `col_object_neighbors` (
  `id` int(11) NOT NULL AUTO_INCREMENT,
  `object_id` int(11) NOT NULL,
  `neighbor_id` int(11) NOT NULL,
  PRIMARY KEY (`id`),
  UNIQUE KEY `object_id` (`object_id`,`neighbor_id`)
) ENGINE=MyISAM  DEFAULT CHARSET=utf8 AUTO_INCREMENT=221 ;

--
-- Дамп данных таблицы `col_object_neighbors`
--

INSERT INTO `col_object_neighbors` (`id`, `object_id`, `neighbor_id`) VALUES
(1, 1, 21),
(2, 1, 25),
(3, 1, 52),
(4, 2, 21),
(5, 2, 52),
(6, 2, 26),
(7, 2, 53),
(8, 2, 22),
(9, 3, 23),
(10, 3, 54),
(11, 3, 27),
(12, 3, 53),
(13, 3, 22),
(14, 4, 23),
(15, 4, 54),
(16, 4, 28),
(17, 4, 55),
(18, 4, 24),
(19, 5, 29),
(20, 5, 55),
(21, 5, 24),
(22, 6, 25),
(23, 6, 52),
(24, 6, 30),
(25, 6, 56),
(26, 6, 34),
(27, 7, 26),
(28, 7, 52),
(29, 7, 30),
(30, 7, 56),
(31, 7, 35),
(32, 7, 57),
(33, 7, 31),
(34, 7, 53),
(35, 8, 27),
(36, 8, 54),
(37, 8, 32),
(38, 8, 58),
(39, 8, 36),
(40, 8, 57),
(41, 8, 31),
(42, 8, 53),
(43, 9, 28),
(44, 9, 54),
(45, 9, 32),
(46, 9, 58),
(47, 9, 37),
(48, 9, 59),
(49, 9, 33),
(50, 9, 55),
(51, 10, 29),
(52, 10, 38),
(53, 10, 59),
(54, 10, 33),
(55, 10, 55),
(56, 11, 34),
(57, 11, 56),
(58, 11, 39),
(59, 11, 60),
(60, 11, 43),
(61, 12, 35),
(62, 12, 57),
(63, 12, 40),
(64, 12, 61),
(65, 12, 44),
(66, 12, 60),
(67, 12, 39),
(68, 12, 56),
(69, 13, 36),
(70, 13, 57),
(71, 13, 40),
(72, 13, 61),
(73, 13, 45),
(74, 13, 62),
(75, 13, 41),
(76, 13, 58),
(77, 14, 37),
(78, 14, 59),
(79, 14, 42),
(80, 14, 63),
(81, 14, 46),
(82, 14, 62),
(83, 14, 41),
(84, 14, 58),
(85, 15, 38),
(86, 15, 59),
(87, 15, 42),
(88, 15, 63),
(89, 15, 47),
(90, 16, 43),
(91, 16, 60),
(92, 16, 48),
(93, 17, 48),
(94, 17, 60),
(95, 17, 44),
(96, 17, 61),
(97, 17, 49),
(98, 18, 50),
(99, 18, 62),
(100, 18, 45),
(101, 18, 61),
(102, 18, 49),
(103, 19, 50),
(104, 19, 62),
(105, 19, 46),
(106, 19, 63),
(107, 19, 51),
(108, 20, 47),
(109, 20, 63),
(110, 20, 51),
(111, 21, 1),
(112, 21, 52),
(113, 21, 2),
(114, 22, 3),
(115, 22, 53),
(116, 22, 2),
(117, 23, 3),
(118, 23, 54),
(119, 23, 4),
(120, 24, 5),
(121, 24, 55),
(122, 24, 4),
(123, 25, 1),
(124, 25, 52),
(125, 25, 6),
(126, 26, 7),
(127, 26, 52),
(128, 26, 2),
(129, 26, 53),
(130, 27, 3),
(131, 27, 54),
(132, 27, 8),
(133, 27, 53),
(134, 28, 9),
(135, 28, 54),
(136, 28, 4),
(137, 28, 55),
(138, 29, 10),
(139, 29, 5),
(140, 29, 55),
(141, 30, 6),
(142, 30, 52),
(143, 30, 7),
(144, 30, 56),
(145, 31, 8),
(146, 31, 57),
(147, 31, 7),
(148, 31, 53),
(149, 32, 8),
(150, 32, 54),
(151, 32, 9),
(152, 32, 58),
(153, 33, 10),
(154, 33, 59),
(155, 33, 9),
(156, 33, 55),
(157, 34, 6),
(158, 34, 56),
(159, 34, 11),
(160, 35, 12),
(161, 35, 56),
(162, 35, 7),
(163, 35, 57),
(164, 36, 8),
(165, 36, 58),
(166, 36, 13),
(167, 36, 57),
(168, 37, 14),
(169, 37, 58),
(170, 37, 9),
(171, 37, 59),
(172, 38, 15),
(173, 38, 10),
(174, 38, 59),
(175, 39, 11),
(176, 39, 56),
(177, 39, 12),
(178, 39, 60),
(179, 40, 13),
(180, 40, 61),
(181, 40, 12),
(182, 40, 57),
(183, 41, 13),
(184, 41, 58),
(185, 41, 14),
(186, 41, 62),
(187, 42, 14),
(188, 42, 59),
(189, 42, 15),
(190, 42, 63),
(191, 43, 11),
(192, 43, 60),
(193, 43, 16),
(194, 44, 60),
(195, 44, 12),
(196, 44, 61),
(197, 44, 17),
(198, 45, 62),
(199, 45, 18),
(200, 45, 61),
(201, 45, 13),
(202, 46, 62),
(203, 46, 14),
(204, 46, 63),
(205, 46, 19),
(206, 47, 20),
(207, 47, 63),
(208, 47, 15),
(209, 48, 16),
(210, 48, 60),
(211, 48, 17),
(212, 49, 61),
(213, 49, 18),
(214, 49, 17),
(215, 50, 19),
(216, 50, 18),
(217, 50, 62),
(218, 51, 19),
(219, 51, 20),
(220, 51, 63);

-- --------------------------------------------------------

--
-- Структура таблицы `col_resources_codes`
--

CREATE TABLE IF NOT EXISTS `col_resources_codes` (
  `id` int(11) NOT NULL AUTO_INCREMENT,
  `object_id` int(11) NOT NULL,
  `code` varchar(255) NOT NULL,
  PRIMARY KEY (`id`)
) ENGINE=MyISAM  DEFAULT CHARSET=utf8 AUTO_INCREMENT=341 ;

--
-- Дамп данных таблицы `col_resources_codes`
--

INSERT INTO `col_resources_codes` (`id`, `object_id`, `code`) VALUES
(1, 52, 'рука12мох'),
(2, 52, 'голова43кот'),
(3, 52, 'нога237ток'),
(4, 52, 'кара17пот'),
(5, 52, 'укол43гон'),
(6, 52, 'лока585лок'),
(7, 52, 'лоск42кол'),
(8, 52, 'мамонт45рок'),
(9, 52, 'визг437вал'),
(10, 52, 'танк733вол'),
(11, 52, 'мысль234шел'),
(12, 52, 'дума41мат'),
(13, 52, 'дуэль488пат'),
(14, 52, 'риск732кен'),
(15, 52, 'клон372хол'),
(16, 52, 'уклон447дом'),
(17, 52, 'дама237мир'),
(18, 52, 'дача983миг'),
(19, 52, 'жора137нул'),
(20, 52, 'гном377ват'),
(21, 52, 'кура131ева'),
(22, 52, 'цапля383лед'),
(23, 52, 'шлак884жор'),
(24, 52, 'шарм272тим'),
(25, 52, 'толк883мис'),
(26, 52, 'бок328сим'),
(27, 52, 'вафля112ким'),
(28, 52, 'высь372сом'),
(29, 52, 'руль889сок'),
(30, 52, 'жид433сел'),
(31, 53, 'ломка784мох'),
(32, 53, 'лодка134кот'),
(33, 53, 'жора317ток'),
(34, 53, 'урок532пот'),
(35, 53, 'умка374гон'),
(36, 53, 'доля258лок'),
(37, 53, 'торк484кол'),
(38, 53, 'мара481рок'),
(39, 53, 'цука482вал'),
(40, 53, 'рука993вол'),
(41, 53, 'пита271шел'),
(42, 53, 'боль911мат'),
(43, 53, 'пирог319пат'),
(44, 53, 'шорох427кен'),
(45, 53, 'шелк376хол'),
(46, 53, 'цукер278дом'),
(47, 53, 'негр318мир'),
(48, 53, 'орша338миг'),
(49, 53, 'зорк374нул'),
(50, 53, 'динго347ват'),
(51, 53, 'лира383ева'),
(52, 53, 'тома287лед'),
(53, 53, 'бора318жор'),
(54, 53, 'парк318тим'),
(55, 53, 'сера376мис'),
(56, 53, 'тисс883сим'),
(57, 53, 'гона371ким'),
(58, 53, 'марк583сом'),
(59, 53, 'дима472сок'),
(60, 53, 'кипр377сел'),
(61, 54, 'абака388мох'),
(62, 54, 'ложка381кот'),
(63, 54, 'видка373ток'),
(64, 54, 'вилка313пот'),
(65, 54, 'пара433гон'),
(66, 54, 'гонка453лок'),
(67, 54, 'люк422кол'),
(68, 54, 'виски474рок'),
(69, 54, 'фыва142вал'),
(70, 54, 'жир472вол'),
(71, 54, 'зола477шел'),
(72, 54, 'югра477мат'),
(73, 54, 'мисс338пат'),
(74, 54, 'кран472кен'),
(75, 54, 'волк455хол'),
(76, 54, 'дира755дом'),
(77, 54, 'боска471мир'),
(78, 54, 'воск315миг'),
(79, 54, 'харя472нул'),
(80, 54, 'зорк557ват'),
(81, 54, 'дока119ева'),
(82, 54, 'тюля664лед'),
(83, 54, 'жаба717жор'),
(84, 54, 'кама482тим'),
(85, 54, 'гол384мис'),
(86, 54, 'факел318сим'),
(87, 54, 'фанта557ким'),
(88, 54, 'лама428сом'),
(89, 54, 'лодка318сок'),
(90, 54, 'семка314сел'),
(91, 55, 'юнга191мох'),
(92, 55, 'зеро391кот'),
(93, 55, 'люк321ток'),
(94, 55, 'доля459пот'),
(95, 55, 'дакар841гон'),
(96, 55, 'драка481лок'),
(97, 55, 'маг441кол'),
(98, 55, 'гимн529рок'),
(99, 55, 'цирк419вал'),
(100, 55, 'драма429вол'),
(101, 55, 'война428шел'),
(102, 55, 'банда472мат'),
(103, 55, 'борьба441пат'),
(104, 55, 'броня882кен'),
(105, 55, 'золото582хол'),
(106, 55, 'каска775дом'),
(107, 55, 'киоск228мир'),
(108, 55, 'бирма852миг'),
(109, 55, 'цапля582нул'),
(110, 55, 'кура318ват'),
(111, 55, 'стерва482ева'),
(112, 55, 'гонец523лед'),
(113, 55, 'сопли182жор'),
(114, 55, 'рокки113тим'),
(115, 55, 'река148мис'),
(116, 55, 'тирит482сим'),
(117, 55, 'таран528ким'),
(118, 55, 'бак428сом'),
(119, 55, 'вода411сок'),
(120, 55, 'шора599сел'),
(121, 56, 'валя427мох'),
(122, 56, 'тигр118кот'),
(123, 56, 'бомба181ток'),
(124, 56, 'пачка842пот'),
(125, 56, 'рот177гон'),
(126, 56, 'маша183лок'),
(127, 56, 'лена771кол'),
(128, 56, 'зек371рок'),
(129, 56, 'струна814вал'),
(130, 56, 'пиу711вол'),
(131, 56, 'вантус413шел'),
(132, 56, 'ходок742мат'),
(133, 56, 'храм771пат'),
(134, 56, 'собор525кен'),
(135, 56, 'хаски448хол'),
(136, 56, 'кол389дом'),
(137, 56, 'фантик482мир'),
(138, 56, 'хор472миг'),
(139, 56, 'жир787нул'),
(140, 56, 'жук582ват'),
(141, 56, 'дуля581ева'),
(142, 56, 'бом482лед'),
(143, 56, 'чача481жор'),
(144, 56, 'олд485тим'),
(145, 56, 'гав772мис'),
(146, 56, 'такса449сим'),
(147, 56, 'саке142ким'),
(148, 56, 'бумер942сом'),
(149, 56, 'снек118сок'),
(150, 56, 'укрф783сел'),
(151, 57, 'волна381мох'),
(152, 57, 'кран338кот'),
(153, 57, 'мекка118ток'),
(154, 57, 'холод481пот'),
(155, 57, 'мрак482гон'),
(156, 57, 'порок573лок'),
(157, 57, 'приз573кол'),
(158, 57, 'пилот778рок'),
(159, 57, 'маляр429вал'),
(160, 57, 'марка471вол'),
(161, 57, 'вилы755шел'),
(162, 57, 'бони491мат'),
(163, 57, 'сок752пат'),
(164, 57, 'сумка817кен'),
(165, 57, 'заря718хол'),
(166, 57, 'киоск529дом'),
(167, 57, 'ров714мир'),
(168, 57, 'раби418миг'),
(169, 57, 'палка141нул'),
(170, 57, 'сахар572ват'),
(171, 57, 'цукер763ева'),
(172, 57, 'сыр476лед'),
(173, 57, 'балка371жор'),
(174, 57, 'тоска775тим'),
(175, 57, 'мираж475мис'),
(176, 57, 'соска738сим'),
(177, 57, 'валик752ким'),
(178, 57, 'санки471сом'),
(179, 57, 'хлеб118сок'),
(180, 57, 'сын572сел'),
(181, 59, 'укрф783мох'),
(182, 59, 'снек118кот'),
(183, 59, 'бумер942ток'),
(184, 59, 'саке142пот'),
(185, 59, 'такса449гон'),
(186, 59, 'гав772лок'),
(187, 59, 'олд485кол'),
(188, 59, 'чача481рок'),
(189, 59, 'бом482вал'),
(190, 59, 'дуля581вол'),
(191, 59, 'жук582шел'),
(192, 59, 'жир787мат'),
(193, 59, 'хор472пат'),
(194, 59, 'фантик482кен'),
(195, 59, 'кол389хол'),
(196, 59, 'хаски448дом'),
(197, 59, 'собор525мир'),
(198, 59, 'храм771миг'),
(199, 59, 'ходок742нул'),
(200, 59, 'вантус413ват'),
(201, 59, 'пиу711ева'),
(202, 59, 'струна814лед'),
(203, 59, 'зек371жор'),
(204, 59, 'лена771тим'),
(205, 59, 'маша183мис'),
(206, 59, 'рот177сим'),
(207, 59, 'пачка842ким'),
(208, 59, 'бомба181сом'),
(209, 59, 'тигр118сок'),
(210, 59, 'валя427сел'),
(211, 60, 'шора599мох'),
(212, 60, 'вода411кот'),
(213, 60, 'бак428ток'),
(214, 60, 'таран528пот'),
(215, 60, 'тирит482гон'),
(216, 60, 'река148лок'),
(217, 60, 'рокки113кол'),
(218, 60, 'сопли182рок'),
(219, 60, 'гонец523вал'),
(220, 60, 'стерва482вол'),
(221, 60, 'кура318шел'),
(222, 60, 'цапля582мат'),
(223, 60, 'бирма852пат'),
(224, 60, 'киоск228кен'),
(225, 60, 'каска775хол'),
(226, 60, 'золото582дом'),
(227, 60, 'броня882мир'),
(228, 60, 'борьба441миг'),
(229, 60, 'банда472нул'),
(230, 60, 'война428ват'),
(231, 60, 'драма429ева'),
(232, 60, 'цирк419лед'),
(233, 60, 'гимн529жор'),
(234, 60, 'маг441тим'),
(235, 60, 'драка481мис'),
(236, 60, 'дакар841сим'),
(237, 60, 'доля459ким'),
(238, 60, 'люк321сом'),
(239, 60, 'зеро391сок'),
(240, 60, 'юнга191сел'),
(241, 61, 'семка314мох'),
(242, 61, 'лодка318кот'),
(243, 61, 'лама428ток'),
(244, 61, 'фанта557пот'),
(245, 61, 'факел318гон'),
(246, 61, 'гол384лок'),
(247, 61, 'кама482кол'),
(248, 61, 'жаба717рок'),
(249, 61, 'тюля664вал'),
(250, 61, 'дока119вол'),
(251, 61, 'зорк557шел'),
(252, 61, 'харя472мат'),
(253, 61, 'воск315пат'),
(254, 61, 'боска471кен'),
(255, 61, 'дира755хол'),
(256, 61, 'волк455дом'),
(257, 61, 'кран472мир'),
(258, 61, 'мисс338миг'),
(259, 61, 'югра477нул'),
(260, 61, 'зола477ват'),
(261, 61, 'жир472ева'),
(262, 61, 'фыва142лед'),
(263, 61, 'виски474жор'),
(264, 61, 'люк422тим'),
(265, 61, 'гонка453мис'),
(266, 61, 'пара433сим'),
(267, 61, 'вилка313ким'),
(268, 61, 'видка373сом'),
(269, 61, 'ложка381сок'),
(270, 61, 'абака388сел'),
(271, 62, 'кипр377мох'),
(272, 62, 'дима472кот'),
(273, 62, 'марк583ток'),
(274, 62, 'гона371пот'),
(275, 62, 'тисс883гон'),
(276, 62, 'сера376лок'),
(277, 62, 'парк318кол'),
(278, 62, 'бора318рок'),
(279, 62, 'тома287вал'),
(280, 62, 'лира383вол'),
(281, 62, 'динго347шел'),
(282, 62, 'зорк374мат'),
(283, 62, 'орша338пат'),
(284, 62, 'негр318кен'),
(285, 62, 'цукер278хол'),
(286, 62, 'шелк376дом'),
(287, 62, 'шорох427мир'),
(288, 62, 'пирог319миг'),
(289, 62, 'боль911нул'),
(290, 62, 'пита271ват'),
(291, 62, 'рука993ева'),
(292, 62, 'цука482лед'),
(293, 62, 'мара481жор'),
(294, 62, 'торк484тим'),
(295, 62, 'доля258мис'),
(296, 62, 'умка374сим'),
(297, 62, 'урок532ким'),
(298, 62, 'жора317сом'),
(299, 62, 'лодка134сок'),
(300, 62, 'ломка784сел'),
(301, 63, 'жид433мох'),
(302, 63, 'руль889кот'),
(303, 63, 'высь372ток'),
(304, 63, 'вафля112пот'),
(305, 63, 'бок328гон'),
(306, 63, 'толк883лок'),
(307, 63, 'шарм272кол'),
(308, 63, 'шлак884рок'),
(309, 63, 'цапля383вал'),
(310, 63, 'кура131вол'),
(311, 63, 'гном377шел'),
(312, 63, 'жора137мат'),
(313, 63, 'дача983пат'),
(314, 63, 'дама237кен'),
(315, 63, 'уклон447хол'),
(316, 63, 'клон372дом'),
(317, 63, 'риск732мир'),
(318, 63, 'дуэль488миг'),
(319, 63, 'дума41нул'),
(320, 63, 'мысль234ват'),
(321, 63, 'танк733ева'),
(322, 63, 'визг437лед'),
(323, 63, 'мамонт45жор'),
(324, 63, 'лоск42тим'),
(325, 63, 'лока585мис'),
(326, 63, 'укол43сим'),
(327, 63, 'кара17ким'),
(328, 63, 'нога237сом'),
(329, 63, 'голова43сок'),
(330, 63, 'рука12сел'),
(331, 58, 'face'),
(332, 58, 'княгиня ольга'),
(333, 58, 'железо'),
(334, 58, 'film'),
(335, 58, 'медаль вечность зелень маска юпи сахар урюк небо план'),
(336, 58, 'mitsubishi'),
(337, 58, 'змея'),
(338, 58, 'chelsea'),
(339, 58, 'море'),
(340, 58, 'sonyplaystation');

-- --------------------------------------------------------

--
-- Структура таблицы `col_start_team_codes`
--

CREATE TABLE IF NOT EXISTS `col_start_team_codes` (
  `id` int(11) NOT NULL AUTO_INCREMENT,
  `team_id` int(11) NOT NULL,
  `code` varchar(255) NOT NULL,
  `date` datetime NOT NULL,
  PRIMARY KEY (`id`)
) ENGINE=MyISAM  DEFAULT CHARSET=utf8 AUTO_INCREMENT=71 ;

--
-- Дамп данных таблицы `col_start_team_codes`
--

INSERT INTO `col_start_team_codes` (`id`, `team_id`, `code`, `date`) VALUES
(1, 31, 'рога73', '2013-11-03 06:25:57'),
(2, 31, 'рама471', '2013-11-03 06:26:00'),
(3, 31, 'дорога11nwq', '2013-11-03 06:29:18'),
(4, 31, 'дорога21uga', '2013-11-03 06:29:55'),
(5, 1, 'кура472', '2013-11-03 06:53:05'),
(6, 1, 'дорога12keg', '2013-11-03 06:53:16'),
(7, 1, 'шанс346', '2013-11-03 06:56:42'),
(8, 1, 'дорога20xoy', '2013-11-03 06:56:47'),
(9, 2, 'кура472', '2013-11-03 07:11:30'),
(10, 2, 'шанс346', '2013-11-03 07:12:25'),
(11, 2, 'дорога19bak', '2013-11-03 07:12:48'),
(12, 2, 'дорога11nwq', '2013-11-03 07:13:00'),
(13, 10, 'кура472', '2013-11-03 07:27:40'),
(14, 10, 'шанс346', '2013-11-03 07:29:38'),
(15, 10, 'дорога12keg', '2013-11-03 07:30:05'),
(16, 10, 'дорога15nee', '2013-11-03 07:30:21'),
(17, 6, 'кура472', '2013-11-03 07:31:21'),
(18, 6, 'шанс346', '2013-11-03 07:32:59'),
(19, 6, 'дорога24slw', '2013-11-03 07:33:33'),
(20, 6, 'дорога11nwq', '2013-11-03 07:33:43'),
(21, 28, 'кура472', '2013-11-03 07:57:23'),
(22, 28, 'дорога12keg', '2013-11-03 07:58:37'),
(23, 28, 'шанс346', '2013-11-03 08:00:24'),
(24, 28, 'дорога20xoy', '2013-11-03 08:00:47'),
(25, 19, 'кура472', '2013-11-03 08:42:08'),
(26, 19, 'дорога12keg', '2013-11-03 08:43:51'),
(27, 19, 'шанс346', '2013-11-03 08:44:50'),
(28, 19, 'дорога15nee', '2013-11-03 08:45:51'),
(29, 7, 'кура472', '2013-11-03 08:46:11'),
(30, 13, 'кура472', '2013-11-03 08:46:35'),
(31, 7, 'дорога12keg', '2013-11-03 08:46:45'),
(32, 13, 'шанс346', '2013-11-03 08:49:59'),
(33, 13, 'дорога15nee', '2013-11-03 08:50:38'),
(34, 7, 'шанс346', '2013-11-03 08:50:40'),
(35, 7, 'дорога15nee', '2013-11-03 08:50:52'),
(36, 13, 'дорога11nwq', '2013-11-03 08:50:59'),
(37, 15, 'рама471', '2013-11-03 08:51:33'),
(38, 15, 'шанс346', '2013-11-03 08:54:09'),
(39, 15, 'дорога10bfr', '2013-11-03 08:54:24'),
(40, 15, 'дорога6uwd', '2013-11-03 08:54:35'),
(41, 15, 'дорога15nee', '2013-11-03 08:54:42'),
(42, 15, 'дорога11nwq', '2013-11-03 08:54:49'),
(43, 15, 'дорога19bak', '2013-11-03 08:54:57'),
(44, 15, 'дорога20xoy', '2013-11-03 08:55:18'),
(45, 15, 'дорога24slw', '2013-11-03 08:55:28'),
(46, 16, 'кура472', '2013-11-03 08:58:17'),
(47, 16, 'дорога7geq', '2013-11-03 09:00:21'),
(48, 15, 'жора72', '2013-11-03 09:00:50'),
(49, 16, 'шанс346', '2013-11-03 09:00:50'),
(50, 16, 'дорога15nee', '2013-11-03 09:01:12'),
(51, 8, 'шанс346', '2013-11-03 09:01:32'),
(52, 8, 'дорога20xoy', '2013-11-03 09:02:12'),
(53, 15, 'кура472', '2013-11-03 09:05:24'),
(54, 15, 'дорога7geq', '2013-11-03 09:06:27'),
(55, 8, 'кура472', '2013-11-03 09:06:30'),
(56, 8, 'дорога12keg', '2013-11-03 09:06:59'),
(57, 15, 'дорога14spq', '2013-11-03 09:07:59'),
(58, 25, 'рама471', '2013-11-03 10:16:22'),
(59, 25, 'бумс671', '2013-11-03 10:22:00'),
(60, 25, 'дорога11nwq', '2013-11-03 10:24:32'),
(61, 25, 'дорога22dih', '2013-11-03 10:24:45'),
(62, 12, 'кура472', '2013-11-03 10:39:07'),
(63, 12, 'шанс346', '2013-11-03 10:41:13'),
(64, 12, 'дорога16tba', '2013-11-03 10:41:23'),
(65, 12, 'дорога20xoy', '2013-11-03 10:41:45'),
(66, 5, 'кура472', '2013-11-03 10:49:20'),
(67, 5, 'шанс346', '2013-11-03 10:51:32'),
(68, 5, 'дорога19bak', '2013-11-03 10:52:45'),
(69, 5, 'дорога20xoy', '2013-11-03 10:53:06'),
(70, 5, 'дорога16tba', '2013-11-03 10:53:29');

-- --------------------------------------------------------

--
-- Структура таблицы `col_team_balance`
--

CREATE TABLE IF NOT EXISTS `col_team_balance` (
  `team_id` int(11) NOT NULL,
  `stone` int(11) NOT NULL DEFAULT '0',
  `wood` int(11) NOT NULL DEFAULT '0',
  `flax` int(11) NOT NULL DEFAULT '0',
  `water` int(11) NOT NULL DEFAULT '0',
  `total` int(11) NOT NULL DEFAULT '0',
  `lastUpdate` datetime DEFAULT NULL,
  PRIMARY KEY (`team_id`)
) ENGINE=MyISAM DEFAULT CHARSET=utf8;

--
-- Дамп данных таблицы `col_team_balance`
--

INSERT INTO `col_team_balance` (`team_id`, `stone`, `wood`, `flax`, `water`, `total`, `lastUpdate`) VALUES
(31, 1, 1, 0, 2, 10, '2013-11-03 08:06:43'),
(1, 0, 5, 1, 1, 5, '2013-11-03 08:47:40'),
(2, 0, 0, 0, 5, 10, '2013-11-03 08:50:56'),
(10, 1, 3, 0, 0, 10, '2013-11-03 09:07:33'),
(6, 3, 0, 0, 1, 9, '2013-11-03 09:34:34'),
(28, 1, 0, 0, 1, 6, '2013-11-03 10:01:32'),
(19, 0, 5, 0, 1, 10, '2013-11-03 10:33:28'),
(13, 1, 5, 1, 1, 2, '2013-11-03 10:46:02'),
(7, 2, 4, 0, 2, 10, '2013-11-03 10:57:15'),
(8, 0, 1, 0, 5, 2, '2013-11-03 10:48:24'),
(16, 1, 1, 0, 4, 10, '2013-11-03 10:53:41'),
(15, 1, 2, 1, 0, 1, '2013-11-03 11:01:39');

-- --------------------------------------------------------

--
-- Структура таблицы `col_team_codes`
--

CREATE TABLE IF NOT EXISTS `col_team_codes` (
  `id` int(11) NOT NULL AUTO_INCREMENT,
  `team_id` int(11) NOT NULL,
  `code` varchar(255) NOT NULL,
  `date` datetime NOT NULL,
  PRIMARY KEY (`id`)
) ENGINE=MyISAM  DEFAULT CHARSET=utf8 AUTO_INCREMENT=704 ;

--
-- Дамп данных таблицы `col_team_codes`
--

INSERT INTO `col_team_codes` (`id`, `team_id`, `code`, `date`) VALUES
(1, 31, 'рот177гон', '2013-11-03 07:06:39'),
(2, 31, 'ломка784мох', '2013-11-03 07:07:17'),
(3, 31, 'семка314мох', '2013-11-03 07:09:44'),
(4, 31, 'мекка118ток', '2013-11-03 07:10:32'),
(5, 31, 'сеул_поселение_1', '2013-11-03 07:13:24'),
(6, 31, 'приз573кол', '2013-11-03 07:13:45'),
(7, 31, 'кара17пот', '2013-11-03 07:19:20'),
(8, 31, 'лоск42кол', '2013-11-03 07:21:49'),
(9, 31, 'харя472мат', '2013-11-03 07:27:12'),
(10, 31, 'струна814вал', '2013-11-03 07:27:50'),
(11, 31, 'югра477мат', '2013-11-03 07:28:23'),
(12, 31, 'оттава_поселение_2', '2013-11-03 07:29:32'),
(13, 31, 'дира755хол', '2013-11-03 07:30:55'),
(14, 31, 'дорога_15_1', '2013-11-03 07:31:02'),
(15, 31, 'пара433гон', '2013-11-03 07:31:25'),
(16, 31, 'умка374гон', '2013-11-03 07:31:58'),
(17, 31, 'виски474рок', '2013-11-03 07:32:55'),
(18, 31, 'жир787нул', '2013-11-03 07:33:22'),
(19, 31, 'харя472нул', '2013-11-03 07:33:52'),
(20, 31, 'москва_поселение_1', '2013-11-03 07:34:16'),
(21, 31, 'шелк376хол', '2013-11-03 07:34:16'),
(22, 31, 'фанта557пот', '2013-11-03 07:35:02'),
(23, 31, 'парк318кол', '2013-11-03 07:35:36'),
(24, 1, 'волна381мох', '2013-11-03 07:36:11'),
(25, 31, 'фантик482кен', '2013-11-03 07:36:30'),
(26, 31, 'сопли182рок', '2013-11-03 07:36:52'),
(27, 31, 'сыр476лед', '2013-11-03 07:37:18'),
(28, 31, 'перт_город_1', '2013-11-03 07:37:37'),
(29, 31, 'хор472миг', '2013-11-03 07:37:40'),
(30, 31, 'высь372ток', '2013-11-03 07:38:06'),
(31, 31, 'тирит482гон', '2013-11-03 07:38:27'),
(32, 31, 'чача481рок', '2013-11-03 07:38:45'),
(33, 31, 'дорога_12_2', '2013-11-03 07:39:33'),
(34, 31, 'дуэль488пат', '2013-11-03 07:39:47'),
(35, 31, 'жид433мох', '2013-11-03 07:40:11'),
(36, 1, 'face', '2013-11-03 07:40:12'),
(37, 31, 'конго_поселение_2', '2013-11-03 07:40:25'),
(38, 31, 'вафля112пот', '2013-11-03 07:40:30'),
(39, 31, 'руль889кот', '2013-11-03 07:40:47'),
(40, 1, 'абака388мох', '2013-11-03 07:40:57'),
(41, 31, 'драма429ева', '2013-11-03 07:41:17'),
(42, 1, 'бомба181ток', '2013-11-03 07:41:49'),
(43, 31, 'кран472кен', '2013-11-03 07:42:05'),
(44, 31, 'бумер942ток', '2013-11-03 07:43:06'),
(45, 31, 'бони491мат', '2013-11-03 07:43:15'),
(46, 31, 'цука482вал', '2013-11-03 07:43:34'),
(47, 31, 'цукер278хол', '2013-11-03 07:43:54'),
(48, 31, 'боска471кен', '2013-11-03 07:44:11'),
(49, 1, 'лодка318кот', '2013-11-03 07:44:13'),
(50, 31, 'москва_город_2', '2013-11-03 07:44:32'),
(51, 31, 'дача983пат', '2013-11-03 07:44:32'),
(52, 31, 'танк733ева', '2013-11-03 07:45:04'),
(53, 31, 'дорога_24_2', '2013-11-03 07:45:17'),
(54, 31, 'жук582шел', '2013-11-03 07:45:23'),
(55, 1, 'таран528пот', '2013-11-03 07:45:40'),
(56, 31, 'доля258лок', '2013-11-03 07:45:50'),
(57, 1, 'конго_поселение_1', '2013-11-03 07:46:19'),
(58, 1, 'маша183лок', '2013-11-03 07:46:30'),
(59, 1, 'семка314мох', '2013-11-03 07:46:40'),
(60, 31, 'дакар841гон', '2013-11-03 07:47:11'),
(61, 31, 'канбера_поселение_1', '2013-11-03 07:47:32'),
(62, 31, 'золото582хол', '2013-11-03 07:47:36'),
(63, 31, 'дорога_29_2', '2013-11-03 07:48:26'),
(64, 31, 'пита271ват', '2013-11-03 07:48:31'),
(65, 31, 'гав772лок', '2013-11-03 07:48:52'),
(66, 2, 'вода411кот', '2013-11-03 07:48:57'),
(67, 31, 'дорога_28_2', '2013-11-03 07:49:07'),
(68, 31, 'река148лок', '2013-11-03 07:49:08'),
(69, 31, 'гном377шел', '2013-11-03 07:49:26'),
(70, 31, 'мара481рок', '2013-11-03 07:50:01'),
(71, 31, 'дорога_26_2', '2013-11-03 07:50:15'),
(72, 31, 'кама482кол', '2013-11-03 07:52:10'),
(73, 2, 'шора599мох', '2013-11-03 07:52:51'),
(74, 2, 'рот177гон', '2013-11-03 07:53:11'),
(75, 1, 'жора317ток', '2013-11-03 07:53:54'),
(76, 31, 'драма429вол', '2013-11-03 07:55:17'),
(77, 2, 'видка373ток', '2013-11-03 07:55:32'),
(78, 31, 'лима_поселение_1', '2013-11-03 07:55:34'),
(79, 1, 'видка373ток', '2013-11-03 07:55:55'),
(80, 31, 'факел318гон', '2013-11-03 07:56:09'),
(81, 31, 'лима_город_1', '2013-11-03 07:56:56'),
(82, 31, 'лима_город_1', '2013-11-03 07:56:56'),
(83, 2, 'пара433гон', '2013-11-03 07:57:12'),
(84, 2, 'мекка118ток', '2013-11-03 07:57:37'),
(85, 2, 'ложка381кот', '2013-11-03 07:58:47'),
(86, 1, 'ложка381кот', '2013-11-03 07:58:50'),
(87, 31, 'тигр118кот', '2013-11-03 07:58:54'),
(88, 31, 'цапля582нул', '2013-11-03 08:01:00'),
(89, 31, 'дорога_17_2', '2013-11-03 08:01:14'),
(90, 31, 'цапля582мат', '2013-11-03 08:01:16'),
(91, 1, 'юнга191мох', '2013-11-03 08:01:25'),
(92, 31, 'укол43гон', '2013-11-03 08:01:41'),
(93, 1, 'перт_поселение_1', '2013-11-03 08:01:53'),
(94, 31, 'жора317ток', '2013-11-03 08:02:04'),
(95, 31, 'жир472вол', '2013-11-03 08:02:27'),
(96, 31, 'жир472вол', '2013-11-03 08:02:27'),
(97, 2, 'бак428ток', '2013-11-03 08:03:01'),
(98, 1, 'ломка784мох', '2013-11-03 08:03:20'),
(99, 31, 'голова43кот', '2013-11-03 08:04:17'),
(100, 2, 'лодка318кот', '2013-11-03 08:06:17'),
(101, 31, 'воск315пат', '2013-11-03 08:06:24'),
(102, 1, 'фанта557пот', '2013-11-03 08:06:44'),
(103, 1, 'валя427мох', '2013-11-03 08:09:38'),
(104, 1, 'югра477мат', '2013-11-03 08:10:14'),
(105, 2, 'каир_поселение_1', '2013-11-03 08:11:02'),
(106, 10, 'face', '2013-11-03 08:11:05'),
(107, 2, 'умка374гон', '2013-11-03 08:11:29'),
(108, 1, 'бумер942ток', '2013-11-03 08:12:35'),
(109, 2, 'торк484кол', '2013-11-03 08:12:40'),
(110, 6, 'лодка318кот', '2013-11-03 08:13:19'),
(111, 2, 'тигр118кот', '2013-11-03 08:13:22'),
(112, 1, 'зорк374нул', '2013-11-03 08:15:10'),
(113, 1, 'снек118кот', '2013-11-03 08:15:23'),
(114, 2, 'урок532пот', '2013-11-03 08:15:27'),
(115, 2, 'гонка453лок', '2013-11-03 08:16:17'),
(116, 2, 'струна814вал', '2013-11-03 08:16:39'),
(117, 1, 'лама428ток', '2013-11-03 08:17:35'),
(118, 6, 'кипр377мох', '2013-11-03 08:17:45'),
(119, 10, 'рука993вол', '2013-11-03 08:18:23'),
(120, 6, 'зек371рок', '2013-11-03 08:18:50'),
(121, 2, 'мысль234шел', '2013-11-03 08:19:01'),
(122, 1, 'москва_город_1', '2013-11-03 08:19:17'),
(123, 6, 'доля258лок', '2013-11-03 08:20:05'),
(124, 2, 'дорога_12_1', '2013-11-03 08:20:12'),
(125, 2, 'кран338кот', '2013-11-03 08:20:22'),
(126, 6, 'семка314мох', '2013-11-03 08:21:08'),
(127, 6, 'таран528пот', '2013-11-03 08:21:57'),
(128, 1, 'жир472вол', '2013-11-03 08:21:59'),
(129, 10, 'пирог319пат', '2013-11-03 08:22:51'),
(130, 10, 'вилка313пот', '2013-11-03 08:23:12'),
(131, 10, 'харя472мат', '2013-11-03 08:23:52'),
(132, 1, 'факел318гон', '2013-11-03 08:24:56'),
(133, 1, 'порок573лок', '2013-11-03 08:25:06'),
(134, 6, 'харя472мат', '2013-11-03 08:25:06'),
(135, 6, 'укол43гон', '2013-11-03 08:25:52'),
(136, 10, 'умка374гон', '2013-11-03 08:26:17'),
(137, 2, 'рука993вол', '2013-11-03 08:26:24'),
(138, 6, 'торк484кол', '2013-11-03 08:26:44'),
(139, 2, 'харя472мат', '2013-11-03 08:26:55'),
(140, 6, 'боска471кен', '2013-11-03 08:27:03'),
(141, 10, 'семка314мох', '2013-11-03 08:27:11'),
(142, 2, 'кура318шел', '2013-11-03 08:27:19'),
(143, 6, 'волна381мох', '2013-11-03 08:27:31'),
(144, 1, 'дорога_11_1', '2013-11-03 08:27:34'),
(145, 10, 'югра477мат', '2013-11-03 08:28:05'),
(146, 1, 'тирит482гон', '2013-11-03 08:28:17'),
(147, 6, 'дача983пат', '2013-11-03 08:28:18'),
(148, 6, 'порок573лок', '2013-11-03 08:28:33'),
(149, 6, 'рука993вол', '2013-11-03 08:28:58'),
(150, 2, 'конго_поселение_1', '2013-11-03 08:30:03'),
(151, 2, 'зеро391кот', '2013-11-03 08:30:04'),
(152, 6, 'каир_поселение_1', '2013-11-03 08:30:18'),
(153, 6, 'умка374гон', '2013-11-03 08:30:18'),
(154, 2, 'юнга191мох', '2013-11-03 08:30:22'),
(155, 6, 'дира755дом', '2013-11-03 08:30:33'),
(156, 2, 'кама482кол', '2013-11-03 08:30:40'),
(157, 6, 'шорох427мир', '2013-11-03 08:30:57'),
(158, 2, 'дира755хол', '2013-11-03 08:31:03'),
(159, 6, 'маша183лок', '2013-11-03 08:31:14'),
(160, 6, 'цапля383вал', '2013-11-03 08:31:26'),
(161, 6, 'жук582шел', '2013-11-03 08:31:56'),
(162, 2, 'дорога_17_1', '2013-11-03 08:32:11'),
(163, 6, 'бумер942ток', '2013-11-03 08:32:33'),
(164, 2, 'оттава_поселение_1', '2013-11-03 08:32:41'),
(165, 10, 'киоск529дом', '2013-11-03 08:33:14'),
(166, 6, 'цукер278хол', '2013-11-03 08:33:34'),
(167, 6, 'толк883лок', '2013-11-03 08:33:53'),
(168, 2, 'хор472пат', '2013-11-03 08:33:56'),
(169, 10, 'каир_поселение_1', '2013-11-03 08:34:07'),
(170, 10, 'клон372хол', '2013-11-03 08:34:16'),
(171, 2, 'сыр476лед', '2013-11-03 08:34:42'),
(172, 10, 'укол43гон', '2013-11-03 08:35:12'),
(173, 2, 'бразилиа_поселение_1', '2013-11-03 08:35:13'),
(174, 2, 'югра477мат', '2013-11-03 08:35:13'),
(175, 10, 'риск732кен', '2013-11-03 08:35:23'),
(176, 6, 'вантус413шел', '2013-11-03 08:35:32'),
(177, 2, 'тома287вал', '2013-11-03 08:35:47'),
(178, 6, 'фанта557пот', '2013-11-03 08:36:12'),
(179, 6, 'кран472кен', '2013-11-03 08:36:29'),
(180, 2, 'тисс883гон', '2013-11-03 08:36:34'),
(181, 6, 'тюля664вал', '2013-11-03 08:36:40'),
(182, 10, 'маляр429вал', '2013-11-03 08:36:55'),
(183, 2, 'дакар841гон', '2013-11-03 08:37:01'),
(184, 6, 'мисс338пат', '2013-11-03 08:37:05'),
(185, 2, 'голова43кот', '2013-11-03 08:37:06'),
(186, 2, 'голова43кот', '2013-11-03 08:37:07'),
(187, 6, 'танк733вол', '2013-11-03 08:37:26'),
(188, 2, 'дорога_21_1', '2013-11-03 08:37:33'),
(189, 2, 'мамонт45рок', '2013-11-03 08:37:33'),
(190, 2, 'перт_поселение_1', '2013-11-03 08:37:48'),
(191, 2, 'золото582хол', '2013-11-03 08:37:48'),
(192, 6, 'канбера_поселение_1', '2013-11-03 08:37:56'),
(193, 2, 'укол43гон', '2013-11-03 08:38:03'),
(194, 6, 'лена771кол', '2013-11-03 08:38:06'),
(195, 10, 'приз573кол', '2013-11-03 08:38:10'),
(196, 2, 'фантик482кен', '2013-11-03 08:38:20'),
(197, 6, 'дорога_10_1', '2013-11-03 08:38:42'),
(198, 2, 'шлак884рок', '2013-11-03 08:38:48'),
(199, 6, 'москва_город_2', '2013-11-03 08:39:02'),
(200, 2, 'нога237ток', '2013-11-03 08:39:16'),
(201, 2, 'дорога_22_1', '2013-11-03 08:40:09'),
(202, 2, 'дуля581вол', '2013-11-03 08:40:09'),
(203, 6, 'снек118кот', '2013-11-03 08:40:18'),
(204, 2, 'шорох427кен', '2013-11-03 08:40:41'),
(205, 2, 'лока585лок', '2013-11-03 08:41:03'),
(206, 2, 'доля258лок', '2013-11-03 08:41:06'),
(207, 10, 'медаль вечность зелень маска юпи сахар урюк небо план', '2013-11-03 08:42:12'),
(208, 2, 'париж_поселение_1', '2013-11-03 08:42:39'),
(209, 2, 'киоск529дом', '2013-11-03 08:42:39'),
(210, 10, 'рот177гон', '2013-11-03 08:42:45'),
(211, 6, 'борьба441пат', '2013-11-03 08:43:12'),
(212, 2, 'зорк557шел', '2013-11-03 08:43:15'),
(213, 2, 'княгиня ольга', '2013-11-03 08:44:17'),
(214, 2, 'цукер278хол', '2013-11-03 08:45:42'),
(215, 1, 'бора318рок', '2013-11-03 08:45:43'),
(216, 1, 'конго_город_1', '2013-11-03 08:46:02'),
(217, 6, 'ломка784мох', '2013-11-03 08:46:02'),
(218, 10, 'видка373ток', '2013-11-03 08:47:05'),
(219, 2, 'шарм272кол', '2013-11-03 08:47:30'),
(220, 1, 'тома287вал', '2013-11-03 08:47:40'),
(221, 2, 'кран472кен', '2013-11-03 08:47:44'),
(222, 10, 'ложка381кот', '2013-11-03 08:48:05'),
(223, 28, 'ломка784мох', '2013-11-03 08:48:06'),
(224, 2, 'дорога_14_1', '2013-11-03 08:48:09'),
(225, 2, 'вафля112пот', '2013-11-03 08:48:09'),
(226, 2, 'жора137мат', '2013-11-03 08:48:19'),
(227, 28, 'face', '2013-11-03 08:48:23'),
(228, 2, 'пекин_поселение_1', '2013-11-03 08:48:37'),
(229, 2, 'кара17пот', '2013-11-03 08:48:37'),
(230, 10, 'река148лок', '2013-11-03 08:48:55'),
(231, 6, 'фыва142вал', '2013-11-03 08:49:06'),
(232, 2, 'дорога_5_1', '2013-11-03 08:49:09'),
(233, 2, 'рига_поселение_1', '2013-11-03 08:49:23'),
(234, 6, 'видка373ток', '2013-11-03 08:49:48'),
(235, 10, 'зола477ват', '2013-11-03 08:49:59'),
(236, 2, 'волк455хол', '2013-11-03 08:50:11'),
(237, 2, 'жид433мох', '2013-11-03 08:50:14'),
(238, 10, 'мара481рок', '2013-11-03 08:50:24'),
(239, 6, 'шлак884рок', '2013-11-03 08:50:25'),
(240, 2, 'дорога_1_1', '2013-11-03 08:50:34'),
(241, 10, 'мамонт45рок', '2013-11-03 08:50:50'),
(242, 6, 'пекин_поселение_1', '2013-11-03 08:50:56'),
(243, 6, 'фыва142лед', '2013-11-03 08:51:04'),
(244, 6, 'гонка453лок', '2013-11-03 08:51:17'),
(245, 6, 'голова43кот', '2013-11-03 08:51:29'),
(246, 6, 'гонец523лед', '2013-11-03 08:51:44'),
(247, 6, 'лоск42кол', '2013-11-03 08:51:53'),
(248, 6, 'жора317ток', '2013-11-03 08:52:03'),
(249, 6, 'дорога_19_1', '2013-11-03 08:52:27'),
(250, 6, 'негр318кен', '2013-11-03 08:52:27'),
(251, 6, 'бразилиа_поселение_1', '2013-11-03 08:52:56'),
(252, 6, 'борьба441миг', '2013-11-03 08:53:10'),
(253, 6, 'дума41нул', '2013-11-03 08:53:26'),
(254, 10, 'конго_поселение_1', '2013-11-03 08:53:35'),
(255, 10, 'дорога_17_1', '2013-11-03 08:54:01'),
(256, 10, 'оттава_поселение_1', '2013-11-03 08:54:04'),
(257, 6, 'ложка381кот', '2013-11-03 08:54:11'),
(258, 6, 'марк583ток', '2013-11-03 08:54:37'),
(259, 6, 'вода411кот', '2013-11-03 08:55:26'),
(260, 6, 'цукер763ева', '2013-11-03 08:56:08'),
(261, 10, 'марк583ток', '2013-11-03 08:56:35'),
(262, 10, 'дакар841гон', '2013-11-03 08:57:06'),
(263, 6, 'кара17пот', '2013-11-03 08:57:08'),
(264, 10, 'толк883лок', '2013-11-03 08:57:14'),
(265, 6, 'чача481рок', '2013-11-03 08:57:20'),
(266, 6, 'гав772лок', '2013-11-03 08:57:28'),
(267, 10, 'фыва142вал', '2013-11-03 08:57:39'),
(268, 10, 'лоск42кол', '2013-11-03 08:57:45'),
(269, 10, 'чача481рок', '2013-11-03 08:57:56'),
(270, 6, 'дакар841гон', '2013-11-03 08:58:17'),
(271, 10, 'тирит482гон', '2013-11-03 08:58:20'),
(272, 10, 'кара17пот', '2013-11-03 08:58:36'),
(273, 6, 'рот177гон', '2013-11-03 08:58:37'),
(274, 10, 'гонец523лед', '2013-11-03 08:58:45'),
(275, 10, 'марка471вол', '2013-11-03 08:58:52'),
(276, 10, 'фантик482мир', '2013-11-03 08:59:02'),
(277, 6, 'дорога_6_1', '2013-11-03 08:59:04'),
(278, 6, 'орша338пат', '2013-11-03 08:59:05'),
(279, 6, 'гона371пот', '2013-11-03 08:59:15'),
(280, 10, 'фантик482кен', '2013-11-03 08:59:27'),
(281, 10, 'золото582хол', '2013-11-03 08:59:35'),
(282, 10, 'золото582дом', '2013-11-03 08:59:38'),
(283, 10, 'струна814лед', '2013-11-03 08:59:47'),
(284, 10, 'струна814вал', '2013-11-03 08:59:51'),
(285, 6, 'саке142пот', '2013-11-03 08:59:52'),
(286, 10, 'гол384лок', '2013-11-03 09:00:01'),
(287, 6, 'осло_поселение_1', '2013-11-03 09:00:07'),
(288, 10, 'жид433мох', '2013-11-03 09:00:09'),
(289, 6, 'шелк376хол', '2013-11-03 09:01:08'),
(290, 10, 'москва_город_1', '2013-11-03 09:01:09'),
(291, 10, 'каир_город_1', '2013-11-03 09:01:20'),
(292, 10, 'мекка118ток', '2013-11-03 09:01:37'),
(293, 10, 'хор472пат', '2013-11-03 09:01:42'),
(294, 10, 'хор472миг', '2013-11-03 09:01:46'),
(295, 10, 'дорога_21_1', '2013-11-03 09:02:16'),
(296, 10, 'перт_поселение_1', '2013-11-03 09:02:24'),
(297, 6, 'драма429ева', '2013-11-03 09:02:53'),
(298, 10, 'дорога_13_1', '2013-11-03 09:03:37'),
(299, 10, 'рио_поселение_1', '2013-11-03 09:03:48'),
(300, 6, 'юнга191мох', '2013-11-03 09:04:22'),
(301, 10, 'харя472нул', '2013-11-03 09:04:51'),
(302, 10, 'клон372дом', '2013-11-03 09:05:12'),
(303, 10, 'дорога_22_1', '2013-11-03 09:05:51'),
(304, 10, 'рука993ева', '2013-11-03 09:06:08'),
(305, 10, 'танк733вол', '2013-11-03 09:06:26'),
(306, 6, 'война428шел', '2013-11-03 09:07:11'),
(307, 10, 'пирог319миг', '2013-11-03 09:07:14'),
(308, 6, 'золото582хол', '2013-11-03 09:07:56'),
(309, 28, 'вода411кот', '2013-11-03 09:09:58'),
(310, 6, 'дуэль488пат', '2013-11-03 09:10:07'),
(311, 6, 'пара433гон', '2013-11-03 09:10:53'),
(312, 6, 'каска775хол', '2013-11-03 09:11:11'),
(313, 6, 'сера376лок', '2013-11-03 09:11:31'),
(314, 6, 'дорога_7_1', '2013-11-03 09:11:40'),
(315, 6, 'цапля582мат', '2013-11-03 09:11:49'),
(316, 28, 'медаль вечность зелень маска юпи сахар урюк небо план', '2013-11-03 09:12:26'),
(317, 6, 'мара481рок', '2013-11-03 09:12:46'),
(318, 28, 'тигр118кот', '2013-11-03 09:14:34'),
(319, 6, 'каир_город_2', '2013-11-03 09:14:40'),
(320, 28, 'бак428ток', '2013-11-03 09:15:03'),
(321, 6, 'банда472мат', '2013-11-03 09:16:12'),
(322, 6, 'мысль234шел', '2013-11-03 09:16:36'),
(323, 6, 'тома287лед', '2013-11-03 09:16:56'),
(324, 6, 'хор472пат', '2013-11-03 09:17:19'),
(325, 6, 'хор472пат', '2013-11-03 09:17:19'),
(326, 6, 'мамонт45рок', '2013-11-03 09:17:34'),
(327, 6, 'тисс883гон', '2013-11-03 09:18:15'),
(328, 6, 'лодка134кот', '2013-11-03 09:19:37'),
(329, 6, 'кран338кот', '2013-11-03 09:21:03'),
(330, 6, 'мекка118ток', '2013-11-03 09:21:15'),
(331, 6, 'дуля581вол', '2013-11-03 09:22:04'),
(332, 19, 'рот177гон', '2013-11-03 09:23:58'),
(333, 6, 'бора318рок', '2013-11-03 09:24:02'),
(334, 6, 'бом482вал', '2013-11-03 09:24:32'),
(335, 6, 'сопли182рок', '2013-11-03 09:24:48'),
(336, 6, 'шарм272кол', '2013-11-03 09:25:03'),
(337, 6, 'урок532пот', '2013-11-03 09:25:20'),
(338, 6, 'вилка313пот', '2013-11-03 09:28:15'),
(339, 6, 'дели_поселение_1', '2013-11-03 09:29:40'),
(340, 6, 'цука482вал', '2013-11-03 09:29:40'),
(341, 28, 'змея', '2013-11-03 09:30:50'),
(342, 28, 'пара433гон', '2013-11-03 09:32:40'),
(343, 6, 'уклон447хол', '2013-11-03 09:32:55'),
(344, 19, 'тирит482гон', '2013-11-03 09:33:26'),
(345, 28, 'лена771кол', '2013-11-03 09:34:11'),
(346, 6, 'змея', '2013-11-03 09:34:34'),
(347, 28, 'тирит482гон', '2013-11-03 09:34:39'),
(348, 28, 'семка314мох', '2013-11-03 09:35:14'),
(349, 13, 'гав772лок', '2013-11-03 09:35:26'),
(350, 28, 'факел318гон', '2013-11-03 09:35:58'),
(351, 28, 'фыва142вал', '2013-11-03 09:36:32'),
(352, 28, 'зола477шел', '2013-11-03 09:36:56'),
(353, 13, 'лодка318кот', '2013-11-03 09:37:42'),
(354, 13, 'югра477мат', '2013-11-03 09:38:17'),
(355, 19, 'жора317ток', '2013-11-03 09:38:37'),
(356, 7, 'face', '2013-11-03 09:39:16'),
(357, 13, 'абака388мох', '2013-11-03 09:39:30'),
(358, 28, 'дача983пат', '2013-11-03 09:39:32'),
(359, 13, 'юнга191мох', '2013-11-03 09:40:06'),
(360, 28, 'пита271шел', '2013-11-03 09:40:31'),
(361, 13, 'дача983пат', '2013-11-03 09:40:40'),
(362, 28, 'доля258лок', '2013-11-03 09:40:54'),
(363, 8, 'ломка784мох', '2013-11-03 09:41:11'),
(364, 28, 'сопли182рок', '2013-11-03 09:41:20'),
(365, 13, 'доля258лок', '2013-11-03 09:41:52'),
(366, 7, 'вода411кот', '2013-11-03 09:42:03'),
(367, 16, 'шора599мох', '2013-11-03 09:42:19'),
(368, 28, 'риск732кен', '2013-11-03 09:42:46'),
(369, 13, 'зола477шел', '2013-11-03 09:42:53'),
(370, 7, 'лодка318кот', '2013-11-03 09:42:55'),
(371, 13, 'гном377шел', '2013-11-03 09:43:21'),
(372, 8, 'семка314мох', '2013-11-03 09:43:33'),
(373, 13, 'шарм272кол', '2013-11-03 09:44:10'),
(374, 19, 'киоск529дом', '2013-11-03 09:44:48'),
(375, 13, 'кара17пот', '2013-11-03 09:44:49'),
(376, 13, 'харя472мат', '2013-11-03 09:45:00'),
(377, 13, 'рука993вол', '2013-11-03 09:45:21'),
(378, 7, 'рука993вол', '2013-11-03 09:45:28'),
(379, 19, 'золото582дом', '2013-11-03 09:45:38'),
(380, 16, 'лодка318кот', '2013-11-03 09:45:39'),
(381, 16, 'face', '2013-11-03 09:45:47'),
(382, 13, 'торк484кол', '2013-11-03 09:45:49'),
(383, 7, 'ломка784мох', '2013-11-03 09:46:04'),
(384, 7, 'семка314мох', '2013-11-03 09:46:28'),
(385, 13, 'пара433гон', '2013-11-03 09:46:35'),
(386, 13, 'умка374гон', '2013-11-03 09:46:37'),
(387, 13, 'дира755хол', '2013-11-03 09:46:56'),
(388, 7, 'абака388мох', '2013-11-03 09:47:03'),
(389, 13, 'дуэль488пат', '2013-11-03 09:47:04'),
(390, 13, 'саке142пот', '2013-11-03 09:47:28'),
(391, 19, 'фантик482мир', '2013-11-03 09:47:58'),
(392, 13, 'жид433мох', '2013-11-03 09:48:25'),
(393, 28, 'шора599мох', '2013-11-03 09:48:26'),
(394, 13, 'виски474рок', '2013-11-03 09:49:05'),
(395, 28, 'москва_город_2', '2013-11-03 09:49:12'),
(396, 15, 'вилка313пот', '2013-11-03 09:49:15'),
(397, 16, 'умка374гон', '2013-11-03 09:49:23'),
(398, 13, 'жир787мат', '2013-11-03 09:49:36'),
(399, 15, 'семка314мох', '2013-11-03 09:49:40'),
(400, 7, 'югра477мат', '2013-11-03 09:50:13'),
(401, 7, 'волк455хол', '2013-11-03 09:51:29'),
(402, 16, 'лена771кол', '2013-11-03 09:51:45'),
(403, 28, 'рот177гон', '2013-11-03 09:52:30'),
(404, 16, 'пара433гон', '2013-11-03 09:52:47'),
(405, 28, 'марка471вол', '2013-11-03 09:53:35'),
(406, 13, 'вафля112пот', '2013-11-03 09:53:35'),
(407, 13, 'парк318кол', '2013-11-03 09:54:04'),
(408, 13, 'драма429вол', '2013-11-03 09:54:27'),
(409, 28, 'кран338кот', '2013-11-03 09:54:29'),
(410, 16, 'абака388мох', '2013-11-03 09:54:50'),
(411, 13, 'кран472кен', '2013-11-03 09:55:09'),
(412, 15, 'лоск42кол', '2013-11-03 09:56:00'),
(413, 8, 'жора317ток', '2013-11-03 09:56:15'),
(414, 15, 'дима472кот', '2013-11-03 09:56:21'),
(415, 19, 'волна381мох', '2013-11-03 09:56:48'),
(416, 15, 'гонец523вал', '2013-11-03 09:56:52'),
(417, 15, 'боль911мат', '2013-11-03 09:57:05'),
(418, 28, 'перт_поселение_1', '2013-11-03 09:58:16'),
(419, 15, 'фыва142вал', '2013-11-03 09:59:02'),
(420, 19, 'вантус413шел', '2013-11-03 09:59:38'),
(421, 13, 'мысль234ват', '2013-11-03 09:59:45'),
(422, 28, 'конго_поселение_1', '2013-11-03 09:59:54'),
(423, 15, 'мара481рок', '2013-11-03 10:00:19'),
(424, 19, 'лама428ток', '2013-11-03 10:00:41'),
(425, 8, 'маг441кол', '2013-11-03 10:00:59'),
(426, 13, 'мара481рок', '2013-11-03 10:01:25'),
(427, 28, 'мекка118ток', '2013-11-03 10:01:32'),
(428, 7, 'видка373ток', '2013-11-03 10:01:39'),
(429, 19, 'пара433гон', '2013-11-03 10:01:56'),
(430, 15, 'тирит482гон', '2013-11-03 10:02:07'),
(431, 19, 'конго_поселение_1', '2013-11-03 10:02:35'),
(432, 19, 'ломка784мох', '2013-11-03 10:02:35'),
(433, 15, 'цапля582мат', '2013-11-03 10:02:43'),
(434, 13, 'фыва142вал', '2013-11-03 10:02:51'),
(435, 19, 'воск315пат', '2013-11-03 10:02:55'),
(436, 16, 'кама482кол', '2013-11-03 10:03:02'),
(437, 28, 'перт_поселение_2', '2013-11-03 10:03:06'),
(438, 13, 'лоск42кол', '2013-11-03 10:03:13'),
(439, 19, 'каир_поселение_1', '2013-11-03 10:03:30'),
(440, 13, 'жора317ток', '2013-11-03 10:03:47'),
(441, 15, 'негр318кен', '2013-11-03 10:03:47'),
(442, 16, 'вода411кот', '2013-11-03 10:03:51'),
(443, 19, 'вилка313пот', '2013-11-03 10:03:56'),
(444, 15, 'жора317ток', '2013-11-03 10:04:07'),
(445, 19, 'пирог319пат', '2013-11-03 10:04:20'),
(446, 15, 'чача481рок', '2013-11-03 10:05:15'),
(447, 16, 'киоск529дом', '2013-11-03 10:05:58'),
(448, 19, 'дакар841гон', '2013-11-03 10:06:16'),
(449, 15, 'цапля383вал', '2013-11-03 10:06:45'),
(450, 19, 'кара17пот', '2013-11-03 10:06:47'),
(451, 8, 'урок532пот', '2013-11-03 10:06:48'),
(452, 7, 'лодка134кот', '2013-11-03 10:06:59'),
(453, 16, 'каир_поселение_1', '2013-11-03 10:07:08'),
(454, 16, 'доля258лок', '2013-11-03 10:07:17'),
(455, 19, 'дорога_17_1', '2013-11-03 10:07:22'),
(456, 7, 'ложка381кот', '2013-11-03 10:07:23'),
(457, 7, 'шора599мох', '2013-11-03 10:07:25'),
(458, 13, 'тисс883гон', '2013-11-03 10:07:25'),
(459, 13, 'гонка453лок', '2013-11-03 10:07:36'),
(460, 19, 'лоск42кол', '2013-11-03 10:07:36'),
(461, 13, 'урок532пот', '2013-11-03 10:07:47'),
(462, 13, 'шлак884рок', '2013-11-03 10:07:56'),
(463, 7, 'урок532пот', '2013-11-03 10:07:57'),
(464, 7, 'гонка453лок', '2013-11-03 10:08:16'),
(465, 13, 'лодка134кот', '2013-11-03 10:08:40'),
(466, 16, 'рука12мох', '2013-11-03 10:08:46'),
(467, 19, 'дуля581вол', '2013-11-03 10:08:48'),
(468, 13, 'лира383вол', '2013-11-03 10:08:51'),
(469, 13, 'мамонт45рок', '2013-11-03 10:09:16'),
(470, 19, 'оттава_поселение_1', '2013-11-03 10:09:17'),
(471, 13, 'тома287вал', '2013-11-03 10:09:27'),
(472, 19, 'ложка381кот', '2013-11-03 10:09:38'),
(473, 19, 'лодка134кот', '2013-11-03 10:09:57'),
(474, 19, 'орша338пат', '2013-11-03 10:10:12'),
(475, 16, 'тирит482гон', '2013-11-03 10:10:38'),
(476, 16, 'зола477шел', '2013-11-03 10:11:02'),
(477, 7, 'конго_поселение_1', '2013-11-03 10:11:15'),
(478, 19, 'дима472кот', '2013-11-03 10:11:22'),
(479, 16, 'кара17пот', '2013-11-03 10:11:25'),
(480, 7, 'маг441кол', '2013-11-03 10:11:42'),
(481, 8, 'нога237ток', '2013-11-03 10:11:57'),
(482, 19, 'боль911мат', '2013-11-03 10:12:02'),
(483, 7, 'каир_поселение_1', '2013-11-03 10:12:09'),
(484, 19, 'риск732кен', '2013-11-03 10:12:29'),
(485, 16, 'дорога_12_1', '2013-11-03 10:12:41'),
(486, 19, 'гона371пот', '2013-11-03 10:13:17'),
(487, 19, 'дорога_26_1', '2013-11-03 10:13:34'),
(488, 19, 'хор472пат', '2013-11-03 10:13:41'),
(489, 19, 'лима_поселение_1', '2013-11-03 10:13:52'),
(490, 16, 'цапля383вал', '2013-11-03 10:14:09'),
(491, 16, 'конго_поселение_1', '2013-11-03 10:14:09'),
(492, 15, 'цукер278хол', '2013-11-03 10:14:44'),
(493, 15, 'цукер278дом', '2013-11-03 10:14:56'),
(494, 7, 'юнга191мох', '2013-11-03 10:14:59'),
(495, 13, 'зеро391кот', '2013-11-03 10:15:30'),
(496, 15, 'шора599мох', '2013-11-03 10:15:36'),
(497, 13, 'цирк419вал', '2013-11-03 10:15:39'),
(498, 16, 'гав772лок', '2013-11-03 10:15:57'),
(499, 16, 'гном377ват', '2013-11-03 10:16:23'),
(500, 16, 'марка471вол', '2013-11-03 10:16:37'),
(501, 19, 'марк583ток', '2013-11-03 10:17:04'),
(502, 16, 'дакар841гон', '2013-11-03 10:17:05'),
(503, 8, 'виски474рок', '2013-11-03 10:17:19'),
(504, 19, 'видка373ток', '2013-11-03 10:17:27'),
(505, 19, 'шлак884рок', '2013-11-03 10:17:52'),
(506, 15, 'маг441кол', '2013-11-03 10:17:59'),
(507, 19, 'урок532пот', '2013-11-03 10:18:02'),
(508, 8, 'гонка453лок', '2013-11-03 10:18:08'),
(509, 16, 'дорога_17_1', '2013-11-03 10:18:44'),
(510, 8, 'югра477мат', '2013-11-03 10:19:07'),
(511, 15, 'москва_поселение_1', '2013-11-03 10:19:30'),
(512, 15, 'москва_поселение_2', '2013-11-03 10:19:52'),
(513, 16, 'оттава_поселение_1', '2013-11-03 10:19:53'),
(514, 16, 'лоск42кол', '2013-11-03 10:20:20'),
(515, 16, 'дуэль488пат', '2013-11-03 10:20:37'),
(516, 19, 'каир_город_2', '2013-11-03 10:20:37'),
(517, 19, 'снек118кот', '2013-11-03 10:20:37'),
(518, 8, 'жир787мат', '2013-11-03 10:20:43'),
(519, 16, 'гном377шел', '2013-11-03 10:20:59'),
(520, 19, 'таран528пот', '2013-11-03 10:21:01'),
(521, 15, 'пекин_поселение_1', '2013-11-03 10:21:02'),
(522, 16, 'жид433мох', '2013-11-03 10:21:07'),
(523, 16, 'жора317ток', '2013-11-03 10:21:16'),
(524, 19, 'зек371рок', '2013-11-03 10:21:19'),
(525, 16, 'цукер278хол', '2013-11-03 10:21:26'),
(526, 19, 'валя427мох', '2013-11-03 10:21:34'),
(527, 19, 'порок573лок', '2013-11-03 10:21:39'),
(528, 16, 'факел318гон', '2013-11-03 10:22:05'),
(529, 16, 'маг441кол', '2013-11-03 10:22:16'),
(530, 19, 'дорога_30_1', '2013-11-03 10:22:24'),
(531, 16, 'драма429вол', '2013-11-03 10:22:26'),
(532, 15, 'олд485кол', '2013-11-03 10:22:36'),
(533, 16, 'война428шел', '2013-11-03 10:22:49'),
(534, 16, 'война428ват', '2013-11-03 10:23:07'),
(535, 15, 'собор525кен', '2013-11-03 10:23:12'),
(536, 16, 'рот177гон', '2013-11-03 10:23:17'),
(537, 8, 'киоск228кен', '2013-11-03 10:23:21'),
(538, 16, 'пиу711вол', '2013-11-03 10:23:28'),
(539, 16, 'пиу711ева', '2013-11-03 10:23:33'),
(540, 16, 'дорога_22_1', '2013-11-03 10:23:41'),
(541, 16, 'кол389хол', '2013-11-03 10:23:43'),
(542, 16, 'кол389дом', '2013-11-03 10:23:49'),
(543, 16, 'жир787нул', '2013-11-03 10:23:59'),
(544, 16, 'каир_город_1', '2013-11-03 10:24:04'),
(545, 16, 'жир787мат', '2013-11-03 10:24:04'),
(546, 19, 'шарм272кол', '2013-11-03 10:24:07'),
(547, 16, 'париж_поселение_1', '2013-11-03 10:24:30'),
(548, 16, 'приз573кол', '2013-11-03 10:24:42'),
(549, 8, 'шелк376дом', '2013-11-03 10:24:43'),
(550, 16, 'дорога_26_1', '2013-11-03 10:25:04'),
(551, 16, 'лима_поселение_1', '2013-11-03 10:25:17'),
(552, 15, 'хор472пат', '2013-11-03 10:25:20'),
(553, 19, 'толк883лок', '2013-11-03 10:25:25'),
(554, 16, 'дорога_21_1', '2013-11-03 10:25:50'),
(555, 19, 'парк318кол', '2013-11-03 10:26:21'),
(556, 16, 'толк883лок', '2013-11-03 10:26:21'),
(557, 19, 'бора318рок', '2013-11-03 10:26:31'),
(558, 19, 'кама482кол', '2013-11-03 10:26:39'),
(559, 8, 'вафля112пот', '2013-11-03 10:26:44'),
(560, 16, 'дорога_25_1', '2013-11-03 10:26:53'),
(561, 19, 'рокки113кол', '2013-11-03 10:27:12'),
(562, 19, 'жаба717рок', '2013-11-03 10:27:15'),
(563, 7, 'змея', '2013-11-03 10:27:20'),
(564, 8, 'руль889кот', '2013-11-03 10:27:21'),
(565, 19, 'олд485кол', '2013-11-03 10:27:23'),
(566, 16, 'гонец523вал', '2013-11-03 10:27:29'),
(567, 19, 'сопли182рок', '2013-11-03 10:27:30'),
(568, 19, 'чача481рок', '2013-11-03 10:27:43'),
(569, 13, 'кура318шел', '2013-11-03 10:27:50'),
(570, 19, 'лена771кол', '2013-11-03 10:27:51'),
(571, 19, 'конго_город_2', '2013-11-03 10:28:17'),
(572, 19, 'гимн529рок', '2013-11-03 10:28:17'),
(573, 16, 'голова43кот', '2013-11-03 10:28:26'),
(574, 13, 'марка471вол', '2013-11-03 10:28:29'),
(575, 19, 'москва_город_2', '2013-11-03 10:28:31'),
(576, 19, 'виски474рок', '2013-11-03 10:28:31'),
(577, 19, 'мара481рок', '2013-11-03 10:28:43'),
(578, 19, 'мак-мёрдо_поселение_1', '2013-11-03 10:28:58'),
(579, 8, 'кол389дом', '2013-11-03 10:29:18'),
(580, 8, 'киоск529дом', '2013-11-03 10:29:26'),
(581, 19, 'торк484кол', '2013-11-03 10:29:26'),
(582, 16, 'урок532пот', '2013-11-03 10:29:37'),
(583, 19, 'люк422кол', '2013-11-03 10:29:42'),
(584, 19, 'маг441кол', '2013-11-03 10:29:47'),
(585, 16, 'фыва142вал', '2013-11-03 10:29:50'),
(586, 8, 'драма429ева', '2013-11-03 10:30:02'),
(587, 19, 'боль911нул', '2013-11-03 10:30:14'),
(588, 19, 'дорога_29_1', '2013-11-03 10:30:23'),
(589, 16, 'шлак884рок', '2013-11-03 10:30:27'),
(590, 16, 'дорога_24_1', '2013-11-03 10:30:37'),
(591, 13, 'каир_поселение_1', '2013-11-03 10:30:43'),
(592, 13, 'киоск529дом', '2013-11-03 10:30:43'),
(593, 19, 'воск315миг', '2013-11-03 10:31:28'),
(594, 13, 'дорога_12_1', '2013-11-03 10:31:30'),
(595, 19, 'гонец523лед', '2013-11-03 10:31:44'),
(596, 19, 'вафля112пот', '2013-11-03 10:31:47'),
(597, 19, 'вафля112пот', '2013-11-03 10:31:47'),
(598, 8, 'кран472мир', '2013-11-03 10:31:49'),
(599, 19, 'гол384лок', '2013-11-03 10:32:06'),
(600, 16, 'мамонт45рок', '2013-11-03 10:32:07'),
(601, 19, 'риск732мир', '2013-11-03 10:32:08'),
(602, 19, 'пирог319миг', '2013-11-03 10:32:08'),
(603, 19, 'фанта557пот', '2013-11-03 10:32:16'),
(604, 19, 'канбера_поселение_1', '2013-11-03 10:33:13'),
(605, 19, 'канбера_поселение_1', '2013-11-03 10:33:13'),
(606, 13, 'конго_поселение_1', '2013-11-03 10:33:22'),
(607, 7, 'голова43кот', '2013-11-03 10:33:35'),
(608, 8, 'конго_поселение_1', '2013-11-03 10:34:08'),
(609, 16, 'тома287вал', '2013-11-03 10:34:52'),
(610, 16, 'воск315пат', '2013-11-03 10:35:51'),
(611, 16, 'гона371пот', '2013-11-03 10:36:13'),
(612, 16, 'перт_поселение_1', '2013-11-03 10:36:45'),
(613, 16, 'золото582хол', '2013-11-03 10:36:45'),
(614, 16, 'перт_поселение_1', '2013-11-03 10:36:45'),
(615, 15, 'кран338кот', '2013-11-03 10:36:55'),
(616, 16, 'мак-мёрдо_поселение_1', '2013-11-03 10:37:06'),
(617, 16, 'фантик482мир', '2013-11-03 10:37:08'),
(618, 16, 'струна814вал', '2013-11-03 10:37:24'),
(619, 16, 'канбера_поселение_1', '2013-11-03 10:37:41'),
(620, 15, 'дорога_11_1', '2013-11-03 10:37:51'),
(621, 15, 'приз573кол', '2013-11-03 10:37:51'),
(622, 7, 'тигр118кот', '2013-11-03 10:37:54'),
(623, 7, 'кура318шел', '2013-11-03 10:38:14'),
(624, 15, 'зек371рок', '2013-11-03 10:38:16'),
(625, 7, 'цирк419вал', '2013-11-03 10:38:42'),
(626, 15, 'вантус413ват', '2013-11-03 10:38:58'),
(627, 7, 'зеро391кот', '2013-11-03 10:39:09'),
(628, 8, 'юнга191мох', '2013-11-03 10:39:25'),
(629, 7, 'бак428ток', '2013-11-03 10:39:30'),
(630, 7, 'дорога_17_1', '2013-11-03 10:39:51'),
(631, 15, 'дорога_15_1', '2013-11-03 10:40:04'),
(632, 7, 'дакар841гон', '2013-11-03 10:40:09'),
(633, 7, 'рот177гон', '2013-11-03 10:40:28'),
(634, 8, 'дорога_11_1', '2013-11-03 10:40:37'),
(635, 15, 'мекка118ток', '2013-11-03 10:40:38'),
(636, 7, 'каска775хол', '2013-11-03 10:40:49'),
(637, 7, 'приз573кол', '2013-11-03 10:40:49'),
(638, 15, 'вантус413шел', '2013-11-03 10:40:52'),
(639, 7, 'руль889кот', '2013-11-03 10:40:54'),
(640, 16, 'дорога_28_1', '2013-11-03 10:41:05'),
(641, 7, 'кара17пот', '2013-11-03 10:41:11'),
(642, 7, 'мара481рок', '2013-11-03 10:41:54'),
(643, 7, 'лоск42кол', '2013-11-03 10:41:55'),
(644, 7, 'фыва142вал', '2013-11-03 10:42:12'),
(645, 7, 'гонец523вал', '2013-11-03 10:42:21'),
(646, 15, 'кама482кол', '2013-11-03 10:43:45'),
(647, 7, 'зек371рок', '2013-11-03 10:44:13'),
(648, 15, 'порок573лок', '2013-11-03 10:44:22'),
(649, 15, 'волна381мох', '2013-11-03 10:44:33'),
(650, 7, 'виски474рок', '2013-11-03 10:44:49'),
(651, 15, 'клон372хол', '2013-11-03 10:44:50'),
(652, 7, 'шлак884рок', '2013-11-03 10:45:16'),
(653, 7, 'харя472нул', '2013-11-03 10:45:26'),
(654, 7, 'бора318рок', '2013-11-03 10:45:30'),
(655, 7, 'умка374гон', '2013-11-03 10:45:43'),
(656, 7, 'жаба717рок', '2013-11-03 10:45:44'),
(657, 7, 'оттава_поселение_1', '2013-11-03 10:46:06'),
(658, 7, 'дира755хол', '2013-11-03 10:46:06'),
(659, 7, 'сопли182рок', '2013-11-03 10:46:20'),
(660, 16, 'бак428ток', '2013-11-03 10:46:24'),
(661, 7, 'чача481рок', '2013-11-03 10:46:31'),
(662, 8, 'киоск228мир', '2013-11-03 10:46:54'),
(663, 7, 'гимн529рок', '2013-11-03 10:46:56'),
(664, 7, 'мамонт45рок', '2013-11-03 10:47:19'),
(665, 8, 'каир_поселение_1', '2013-11-03 10:49:19'),
(666, 15, 'валя427мох', '2013-11-03 10:49:29'),
(667, 7, 'дорога_22_1', '2013-11-03 10:49:33'),
(668, 7, 'париж_поселение_1', '2013-11-03 10:49:58'),
(669, 7, 'дорога_26_1', '2013-11-03 10:50:15'),
(670, 15, 'таран528пот', '2013-11-03 10:50:41'),
(671, 7, 'лима_поселение_1', '2013-11-03 10:50:57'),
(672, 7, 'маша183лок', '2013-11-03 10:51:35'),
(673, 7, 'маша183лок', '2013-11-03 10:51:35'),
(674, 7, 'дима472кот', '2013-11-03 10:52:00'),
(675, 16, 'дорога_25_2', '2013-11-03 10:52:12'),
(676, 16, 'шелк376хол', '2013-11-03 10:52:26'),
(677, 16, 'шелк376хол', '2013-11-03 10:52:26'),
(678, 16, 'вафля112пот', '2013-11-03 10:52:33'),
(679, 16, 'банда472мат', '2013-11-03 10:53:00'),
(680, 16, 'мекка118ток', '2013-11-03 10:53:09'),
(681, 16, 'саке142пот', '2013-11-03 10:53:18'),
(682, 7, 'оттава_город_1', '2013-11-03 10:53:29'),
(683, 16, 'мак-мёрдо_поселение_2', '2013-11-03 10:53:42'),
(684, 7, 'драка481лок', '2013-11-03 10:54:43'),
(685, 7, 'доля258лок', '2013-11-03 10:55:05'),
(686, 7, 'пара433гон', '2013-11-03 10:55:20'),
(687, 15, 'цука482вал', '2013-11-03 10:55:27'),
(688, 7, 'дуэль488пат', '2013-11-03 10:55:36'),
(689, 15, 'зорк374нул', '2013-11-03 10:55:51'),
(690, 7, 'дорога_30_1', '2013-11-03 10:56:15'),
(691, 7, 'жид433мох', '2013-11-03 10:56:15'),
(692, 7, 'танк733вол', '2013-11-03 10:56:18'),
(693, 7, 'мак-мёрдо_поселение_1', '2013-11-03 10:56:31'),
(694, 7, 'жир787мат', '2013-11-03 10:56:31'),
(695, 7, 'шелк376хол', '2013-11-03 10:56:44'),
(696, 7, 'толк883лок', '2013-11-03 10:56:45'),
(697, 7, 'бом482вал', '2013-11-03 10:57:01'),
(698, 7, 'кран472кен', '2013-11-03 10:57:07'),
(699, 7, 'драма429вол', '2013-11-03 10:57:14'),
(700, 15, 'шлак884рок', '2013-11-03 10:57:34'),
(701, 15, 'бора318рок', '2013-11-03 10:57:54'),
(702, 15, 'гимн529рок', '2013-11-03 10:58:42'),
(703, 15, 'торк484кол', '2013-11-03 11:01:27');

-- --------------------------------------------------------

--
-- Структура таблицы `col_team_objects`
--

CREATE TABLE IF NOT EXISTS `col_team_objects` (
  `id` int(11) NOT NULL AUTO_INCREMENT,
  `team_id` int(11) NOT NULL,
  `object_id` int(11) NOT NULL,
  `count` int(11) NOT NULL DEFAULT '1',
  `date` datetime NOT NULL,
  PRIMARY KEY (`id`)
) ENGINE=MyISAM  DEFAULT CHARSET=utf8 AUTO_INCREMENT=161 ;

--
-- Дамп данных таблицы `col_team_objects`
--

INSERT INTO `col_team_objects` (`id`, `team_id`, `object_id`, `count`, `date`) VALUES
(1, 31, 13, 2, '2013-11-03 06:25:57'),
(2, 31, 7, 1, '2013-11-03 06:26:00'),
(3, 31, 31, 1, '2013-11-03 06:29:18'),
(4, 31, 41, 1, '2013-11-03 06:29:55'),
(5, 1, 8, 1, '2013-11-03 06:53:05'),
(6, 1, 32, 1, '2013-11-03 06:53:16'),
(7, 1, 12, 2, '2013-11-03 06:56:42'),
(8, 1, 40, 1, '2013-11-03 06:56:47'),
(9, 2, 8, 1, '2013-11-03 07:11:30'),
(10, 2, 12, 1, '2013-11-03 07:12:25'),
(11, 2, 39, 1, '2013-11-03 07:12:48'),
(12, 2, 31, 1, '2013-11-03 07:13:00'),
(13, 31, 8, 1, '2013-11-03 07:13:23'),
(14, 10, 8, 1, '2013-11-03 07:27:40'),
(15, 31, 14, 1, '2013-11-03 07:29:27'),
(16, 10, 12, 2, '2013-11-03 07:29:38'),
(17, 10, 32, 1, '2013-11-03 07:30:05'),
(18, 10, 35, 1, '2013-11-03 07:30:21'),
(19, 31, 35, 1, '2013-11-03 07:30:57'),
(20, 6, 8, 1, '2013-11-03 07:31:21'),
(21, 6, 12, 2, '2013-11-03 07:32:59'),
(22, 6, 44, 1, '2013-11-03 07:33:33'),
(23, 6, 31, 1, '2013-11-03 07:33:43'),
(24, 31, 12, 2, '2013-11-03 07:34:05'),
(25, 31, 32, 1, '2013-11-03 07:39:31'),
(26, 31, 9, 1, '2013-11-03 07:40:21'),
(27, 31, 44, 1, '2013-11-03 07:45:17'),
(28, 1, 9, 2, '2013-11-03 07:46:11'),
(29, 31, 17, 1, '2013-11-03 07:47:27'),
(30, 31, 49, 1, '2013-11-03 07:48:17'),
(31, 31, 48, 1, '2013-11-03 07:48:57'),
(32, 31, 46, 1, '2013-11-03 07:50:11'),
(33, 31, 19, 2, '2013-11-03 07:55:24'),
(34, 28, 8, 1, '2013-11-03 07:57:23'),
(35, 28, 32, 1, '2013-11-03 07:58:37'),
(36, 28, 12, 2, '2013-11-03 08:00:24'),
(37, 28, 40, 1, '2013-11-03 08:00:47'),
(38, 31, 37, 1, '2013-11-03 08:01:11'),
(39, 1, 13, 1, '2013-11-03 08:01:44'),
(40, 31, 18, 1, '2013-11-03 08:06:43'),
(41, 2, 7, 1, '2013-11-03 08:10:15'),
(42, 2, 32, 1, '2013-11-03 08:19:44'),
(43, 1, 31, 1, '2013-11-03 08:26:07'),
(44, 2, 9, 1, '2013-11-03 08:28:33'),
(45, 6, 7, 2, '2013-11-03 08:30:12'),
(46, 2, 37, 1, '2013-11-03 08:31:53'),
(47, 2, 14, 1, '2013-11-03 08:32:11'),
(48, 10, 7, 2, '2013-11-03 08:33:50'),
(49, 2, 11, 1, '2013-11-03 08:35:09'),
(50, 2, 41, 1, '2013-11-03 08:37:24'),
(51, 2, 13, 1, '2013-11-03 08:37:37'),
(52, 6, 17, 1, '2013-11-03 08:37:49'),
(53, 6, 30, 1, '2013-11-03 08:38:37'),
(54, 2, 42, 1, '2013-11-03 08:39:21'),
(55, 19, 8, 2, '2013-11-03 08:42:08'),
(56, 2, 15, 1, '2013-11-03 08:42:28'),
(57, 19, 32, 1, '2013-11-03 08:43:51'),
(58, 19, 12, 2, '2013-11-03 08:44:50'),
(59, 19, 35, 1, '2013-11-03 08:45:51'),
(60, 7, 8, 1, '2013-11-03 08:46:11'),
(61, 13, 8, 1, '2013-11-03 08:46:35'),
(62, 7, 32, 1, '2013-11-03 08:46:45'),
(63, 2, 34, 1, '2013-11-03 08:48:06'),
(64, 2, 6, 1, '2013-11-03 08:48:35'),
(65, 2, 25, 1, '2013-11-03 08:49:01'),
(66, 2, 1, 1, '2013-11-03 08:49:21'),
(67, 13, 12, 1, '2013-11-03 08:49:59'),
(68, 2, 21, 1, '2013-11-03 08:50:33'),
(69, 13, 35, 1, '2013-11-03 08:50:38'),
(70, 7, 12, 1, '2013-11-03 08:50:40'),
(71, 6, 6, 1, '2013-11-03 08:50:43'),
(72, 7, 35, 1, '2013-11-03 08:50:52'),
(73, 2, 2, 1, '2013-11-03 08:50:56'),
(74, 13, 31, 1, '2013-11-03 08:50:59'),
(75, 15, 7, 1, '2013-11-03 08:51:33'),
(76, 6, 39, 1, '2013-11-03 08:52:24'),
(77, 6, 11, 1, '2013-11-03 08:52:42'),
(78, 10, 9, 1, '2013-11-03 08:53:33'),
(79, 10, 37, 1, '2013-11-03 08:53:53'),
(80, 10, 14, 1, '2013-11-03 08:54:01'),
(81, 15, 30, 1, '2013-11-03 08:54:24'),
(82, 16, 8, 1, '2013-11-03 08:58:17'),
(83, 6, 26, 1, '2013-11-03 08:59:02'),
(84, 6, 2, 1, '2013-11-03 09:00:01'),
(85, 16, 27, 1, '2013-11-03 09:00:21'),
(86, 15, 11, 1, '2013-11-03 09:00:50'),
(87, 16, 12, 1, '2013-11-03 09:00:50'),
(88, 16, 35, 1, '2013-11-03 09:01:12'),
(89, 8, 12, 1, '2013-11-03 09:01:32'),
(90, 8, 40, 1, '2013-11-03 09:02:12'),
(91, 10, 41, 1, '2013-11-03 09:02:13'),
(92, 10, 13, 1, '2013-11-03 09:02:24'),
(93, 10, 33, 1, '2013-11-03 09:03:34'),
(94, 10, 10, 1, '2013-11-03 09:03:48'),
(95, 10, 42, 1, '2013-11-03 09:05:45'),
(96, 8, 8, 1, '2013-11-03 09:06:30'),
(97, 8, 32, 1, '2013-11-03 09:06:59'),
(98, 10, 15, 1, '2013-11-03 09:07:33'),
(99, 15, 34, 1, '2013-11-03 09:07:59'),
(100, 6, 27, 1, '2013-11-03 09:11:37'),
(101, 6, 3, 1, '2013-11-03 09:29:38'),
(102, 28, 13, 1, '2013-11-03 09:57:58'),
(103, 28, 9, 1, '2013-11-03 09:59:43'),
(104, 19, 9, 2, '2013-11-03 10:02:00'),
(105, 19, 7, 2, '2013-11-03 10:03:11'),
(106, 16, 7, 2, '2013-11-03 10:06:21'),
(107, 19, 37, 1, '2013-11-03 10:07:18'),
(108, 19, 14, 1, '2013-11-03 10:09:05'),
(109, 7, 9, 1, '2013-11-03 10:10:51'),
(110, 7, 7, 1, '2013-11-03 10:11:56'),
(111, 16, 32, 1, '2013-11-03 10:12:08'),
(112, 19, 46, 1, '2013-11-03 10:13:20'),
(113, 19, 19, 1, '2013-11-03 10:13:50'),
(114, 16, 9, 1, '2013-11-03 10:14:09'),
(115, 25, 7, 1, '2013-11-03 10:16:22'),
(116, 16, 37, 1, '2013-11-03 10:17:22'),
(117, 16, 14, 1, '2013-11-03 10:19:45'),
(118, 15, 6, 1, '2013-11-03 10:20:55'),
(119, 25, 15, 1, '2013-11-03 10:22:00'),
(120, 19, 50, 1, '2013-11-03 10:22:20'),
(121, 16, 42, 1, '2013-11-03 10:23:34'),
(122, 16, 15, 1, '2013-11-03 10:24:22'),
(123, 25, 31, 1, '2013-11-03 10:24:32'),
(124, 25, 42, 1, '2013-11-03 10:24:45'),
(125, 16, 46, 1, '2013-11-03 10:24:50'),
(126, 16, 19, 1, '2013-11-03 10:25:04'),
(127, 16, 41, 1, '2013-11-03 10:25:41'),
(128, 19, 18, 1, '2013-11-03 10:28:55'),
(129, 19, 49, 1, '2013-11-03 10:30:18'),
(130, 16, 44, 1, '2013-11-03 10:30:32'),
(131, 13, 7, 1, '2013-11-03 10:30:39'),
(132, 13, 32, 1, '2013-11-03 10:31:26'),
(133, 19, 17, 1, '2013-11-03 10:32:39'),
(134, 13, 9, 1, '2013-11-03 10:33:20'),
(135, 8, 9, 1, '2013-11-03 10:34:07'),
(136, 16, 13, 1, '2013-11-03 10:36:21'),
(137, 15, 31, 1, '2013-11-03 10:37:23'),
(138, 16, 17, 1, '2013-11-03 10:37:39'),
(139, 12, 8, 1, '2013-11-03 10:39:07'),
(140, 7, 37, 1, '2013-11-03 10:39:45'),
(141, 15, 35, 1, '2013-11-03 10:39:59'),
(142, 8, 31, 1, '2013-11-03 10:40:13'),
(143, 16, 48, 1, '2013-11-03 10:40:58'),
(144, 12, 12, 1, '2013-11-03 10:41:13'),
(145, 12, 36, 1, '2013-11-03 10:41:23'),
(146, 12, 40, 1, '2013-11-03 10:41:45'),
(147, 7, 14, 2, '2013-11-03 10:45:59'),
(148, 8, 7, 1, '2013-11-03 10:48:24'),
(149, 7, 42, 1, '2013-11-03 10:49:20'),
(150, 5, 8, 1, '2013-11-03 10:49:20'),
(151, 7, 15, 2, '2013-11-03 10:49:33'),
(152, 7, 46, 1, '2013-11-03 10:49:58'),
(153, 7, 19, 1, '2013-11-03 10:50:15'),
(154, 5, 12, 1, '2013-11-03 10:51:32'),
(155, 16, 45, 1, '2013-11-03 10:52:03'),
(156, 5, 39, 1, '2013-11-03 10:52:45'),
(157, 5, 36, 1, '2013-11-03 10:53:29'),
(158, 16, 18, 1, '2013-11-03 10:53:41'),
(159, 7, 50, 1, '2013-11-03 10:56:04'),
(160, 7, 18, 1, '2013-11-03 10:56:28');

-- --------------------------------------------------------

--
-- Структура таблицы `scr_codes`
--

CREATE TABLE IF NOT EXISTS `scr_codes` (
  `id` int(11) NOT NULL AUTO_INCREMENT,
  `code` varchar(255) NOT NULL,
  `value` int(11) NOT NULL,
  PRIMARY KEY (`id`)
) ENGINE=MyISAM  DEFAULT CHARSET=utf8 AUTO_INCREMENT=210 ;

--
-- Дамп данных таблицы `scr_codes`
--

INSERT INTO `scr_codes` (`id`, `code`, `value`) VALUES
(1, 'промо7', -1),
(2, 'гом2', -1),
(3, 'вист9', -1),
(4, 'лям', -1),
(5, 'укроп5', -1),
(6, 'туба1', -1),
(7, 'стоп2', -1),
(8, 'лоб32', -1),
(9, 'лоб37', -1),
(10, 'прием77', -1),
(11, 'вук', -1),
(12, 'ква21', -1),
(13, 'том909', -1),
(14, 'костер8', -1),
(15, 'лупа17', -1),
(16, 'чух2', -1),
(17, 'звон5', -1),
(18, 'пик3', -1),
(19, 'игла82', -1),
(20, 'паук11', -1),
(21, 'диван9', -1),
(22, 'ван2', -1),
(23, 'сувенир5', -1),
(24, 'сок11', -1),
(25, 'парк1', -1),
(26, 'тура4', -1),
(27, 'бот8', -1),
(28, 'группа47', -1),
(29, 'мося17', -1),
(30, 'болт5', -1),
(31, 'липа6', -1),
(32, 'три15', -1),
(33, 'умка72', -1),
(34, 'срам47', -1),
(35, 'вертик88', -1),
(36, 'каспер2', -1),
(37, 'миссия7', -1),
(38, 'грот973', -1),
(39, 'омг1', -1),
(40, 'путин33', -1),
(41, 'мурка2', -1),
(42, 'узко', -1),
(43, 'низко51', -1),
(44, 'феномен13', -1),
(45, 'кю2', -1),
(46, 'петр2', -1),
(47, 'рельс7', -1),
(48, 'эмо15', -1),
(49, 'кодик721', -1),
(50, 'урал7', -1),
(51, 'древо2', -1),
(52, 'гек124', -1),
(53, 'шуя1', -1),
(54, 'хад34', -1),
(55, 'ик21', -1),
(56, 'почка44', -1),
(57, 'пхс32', -1),
(58, 'шок31', -1),
(59, 'громозека34', -1),
(60, 'нога42', -1),
(61, 'пучок8', -1),
(62, 'гусли91', -1),
(63, 'чин24', -1),
(64, 'ф47', -1),
(65, 'ппш1', -1),
(66, 'ирина5', -1),
(67, 'прах47', -1),
(68, 'леонтьев8', -1),
(69, 'га211', -1),
(70, 'корк494', -1),
(71, 'корк497', -1),
(72, 'тель87', -1),
(73, 'тик87', -1),
(74, 'тт24', -1),
(75, 'мутон1', -1),
(76, 'час45', -1),
(77, 'философ24', -1),
(78, 'хандра8', -1),
(79, 'тан21', -1),
(80, 'спин84', -1),
(81, 'фукс1', -1),
(82, 'пшик2', -1),
(83, 'ноги333', -1),
(84, 'ара777', -1),
(85, 'ус3', -1),
(86, 'хек2', -1),
(87, 'жук84', -1),
(88, 'слог42', -1),
(89, 'штучка1', -1),
(90, 'дичьсеня', -1),
(91, 'сумбур1', -1),
(92, 'лак2', -1),
(93, 'гипиус45', -1),
(94, 'кандализа44', -1),
(95, 'сега48', -1),
(96, 'супчик8', -1),
(97, 'низина29', -1),
(98, 'зинаида3', -1),
(99, 'плюмбум7', -1),
(100, 'краса43', -1),
(101, 'дрим8', -1),
(102, 'орк4', -1),
(103, 'бунт1', 1),
(104, 'бб2', 1),
(105, 'шмат8', 1),
(106, 'гтр2', 1),
(107, 'стог38', 1),
(108, 'пилка3', 1),
(109, 'чуйка7', 1),
(110, 'вандам2', 1),
(111, 'сара8', 1),
(112, 'флюс35', 1),
(113, 'рига1', 1),
(114, 'азкабан8', 1),
(115, 'сбой4', 1),
(116, 'тру3', 1),
(117, 'труз', 1),
(118, 'жена2', 1),
(119, 'сорт21', 1),
(120, 'ой5', 1),
(121, 'мясо8', 1),
(122, 'ряса4', 1),
(123, 'помпа2', 1),
(124, 'фак4', 1),
(125, 'билли7', 1),
(126, 'керч5', 1),
(127, 'кер45', 1),
(128, 'сом8', 1),
(129, 'чартер5', 1),
(130, 'ура1', 1),
(131, 'стон9', 1),
(132, 'крик3', 1),
(133, 'акс2', 1),
(134, 'пар99', 1),
(135, 'яд1', 1),
(136, 'фин44', 1),
(137, 'финч4', 1),
(138, 'скат5', 1),
(139, 'шуберт5', 1),
(140, 'верх88', 1),
(141, 'фдц', 1),
(142, 'краб22', 1),
(143, 'шкурка3', 1),
(144, 'шубер77', 1),
(145, 'цубер77', 1),
(146, 'пильна99', 1),
(147, 'контракт8', 1),
(148, 'фдц2', 1),
(149, 'мет35', 1),
(150, 'паб28', 1),
(151, 'гот8', 1),
(152, 'фея29', 1),
(153, 'иж45', 1),
(154, 'думбия9', 1),
(155, 'ток58', 1),
(156, 'фиг5', 1),
(157, 'гора732', 1),
(158, 'лга', 1),
(159, 'мок2', 1),
(160, 'киста7', 1),
(161, 'шуш', 1),
(162, 'кир', 1),
(163, 'край9', 1),
(164, 'тис11', 1),
(165, 'юху717', 1),
(166, 'просто71', 1),
(167, 'ау22', 1),
(168, 'хел', 1),
(169, 'гта', 1),
(170, 'св7', 1),
(171, 'с87', 1),
(172, 'укупник', 1),
(173, 'хаха8', 1),
(174, 'ан2', 1),
(175, 'вес14', 1),
(176, 'док372', 1),
(177, 'ю7', 1),
(178, 'макрос', 1),
(179, 'тлен66', 1),
(180, 'балт', 1),
(181, 'умора71', 1),
(182, 'кип', 1),
(183, 'мрамор9', 1),
(184, 'таз7', 1),
(185, 'та37', 1),
(186, 'лень9', 1),
(187, 'вид15', 1),
(188, 'тьма26', 1),
(189, 'туз10', 1),
(190, 'ек', 1),
(191, 'прис8', 1),
(192, 'саб5', 1),
(193, 'са65', 1),
(194, 'рим92', 1),
(195, 'ала', 1),
(196, 'минута9', 1),
(197, 'ржк', 1),
(198, 'мы7', 1),
(199, 'ток52', 1),
(200, 'плен178', 1),
(201, '237', 1),
(202, 'вино9', 1),
(203, 'ык7', 1),
(204, 'лист81', 1),
(205, 'вор2', 1),
(206, 'ес734', 1),
(207, 'батя2', 1),
(208, 'грязь18', 1),
(209, 'му24', 1);

-- --------------------------------------------------------

--
-- Структура таблицы `scr_team_codes`
--

CREATE TABLE IF NOT EXISTS `scr_team_codes` (
  `id` int(11) NOT NULL AUTO_INCREMENT,
  `team_id` int(11) NOT NULL,
  `code` varchar(255) NOT NULL,
  `date` datetime NOT NULL,
  PRIMARY KEY (`id`)
) ENGINE=MyISAM  DEFAULT CHARSET=utf8 AUTO_INCREMENT=731 ;

--
-- Дамп данных таблицы `scr_team_codes`
--

INSERT INTO `scr_team_codes` (`id`, `team_id`, `code`, `date`) VALUES
(1, 31, 'кодик721', '2013-11-03 02:17:25'),
(2, 31, 'шкурка3', '2013-11-03 02:17:46'),
(3, 31, 'дрим8', '2013-11-03 02:17:52'),
(4, 31, 'ес734', '2013-11-03 02:18:23'),
(5, 31, 'минута9', '2013-11-03 02:20:55'),
(6, 31, 'рим92', '2013-11-03 02:21:11'),
(7, 31, 'узко', '2013-11-03 02:21:31'),
(8, 31, 'макрос', '2013-11-03 02:22:07'),
(9, 31, 'феномен13', '2013-11-03 02:23:39'),
(10, 31, 'тель87', '2013-11-03 02:24:16'),
(11, 31, 'грот973', '2013-11-03 02:26:23'),
(12, 31, 'вертик88', '2013-11-03 02:26:55'),
(13, 31, 'каспер2', '2013-11-03 02:27:51'),
(14, 31, 'срам47', '2013-11-03 02:28:02'),
(15, 31, 'хек2', '2013-11-03 02:28:24'),
(16, 31, 'таз7', '2013-11-03 02:29:52'),
(17, 31, 'ю7', '2013-11-03 02:30:12'),
(18, 31, 'омг1', '2013-11-03 02:34:35'),
(19, 31, 'вид15', '2013-11-03 02:34:35'),
(20, 31, 'лень9', '2013-11-03 02:35:24'),
(21, 31, 'мрамор9', '2013-11-03 02:38:24'),
(22, 31, 'мок2', '2013-11-03 02:40:26'),
(23, 31, 'гора732', '2013-11-03 02:40:37'),
(24, 31, 'сбой4', '2013-11-03 02:42:31'),
(25, 31, 'вор2', '2013-11-03 02:45:39'),
(26, 31, 'фиг5', '2013-11-03 02:46:00'),
(27, 31, 'фдц2', '2013-11-03 02:46:07'),
(28, 31, 'верх88', '2013-11-03 02:46:15'),
(29, 31, 'ык7', '2013-11-03 02:46:23'),
(30, 31, 'му24', '2013-11-03 02:46:33'),
(31, 31, 'просто71', '2013-11-03 02:46:41'),
(32, 31, 'грязь18', '2013-11-03 02:46:49'),
(33, 31, 'хаха8', '2013-11-03 02:46:50'),
(34, 31, 'край9', '2013-11-03 02:47:06'),
(35, 31, 'фдц', '2013-11-03 02:47:54'),
(36, 31, 'лист81', '2013-11-03 02:49:34'),
(37, 31, 'балт', '2013-11-03 02:50:28'),
(38, 31, 'сара8', '2013-11-03 02:51:59'),
(39, 31, 'вандам2', '2013-11-03 02:52:27'),
(40, 31, 'чартер5', '2013-11-03 02:53:54'),
(41, 31, 'тру3', '2013-11-03 02:55:10'),
(42, 31, 'помпа2', '2013-11-03 02:55:28'),
(43, 1, 'кодик721', '2013-11-03 03:03:13'),
(44, 1, 'сумбур1', '2013-11-03 03:03:41'),
(45, 1, 'супчик8', '2013-11-03 03:04:28'),
(46, 1, 'ток52', '2013-11-03 03:05:41'),
(47, 1, 'петр2', '2013-11-03 03:05:44'),
(48, 1, 'гипиус45', '2013-11-03 03:08:55'),
(49, 1, 'шкурка3', '2013-11-03 03:08:59'),
(50, 1, 'кандализа44', '2013-11-03 03:09:03'),
(51, 1, 'фдц', '2013-11-03 03:11:12'),
(52, 1, 'философ24', '2013-11-03 03:11:22'),
(53, 2, 'урал7', '2013-11-03 03:12:27'),
(54, 1, 'вертик88', '2013-11-03 03:12:41'),
(55, 2, 'краса43', '2013-11-03 03:12:42'),
(56, 1, 'грот973', '2013-11-03 03:12:48'),
(57, 1, 'древо2', '2013-11-03 03:12:58'),
(58, 6, 'фдц', '2013-11-03 03:15:45'),
(59, 6, 'вертик88', '2013-11-03 03:16:17'),
(60, 6, 'хек2', '2013-11-03 03:16:31'),
(61, 6, 'грот973', '2013-11-03 03:16:37'),
(62, 6, 'ик21', '2013-11-03 03:16:42'),
(63, 6, 'корк494', '2013-11-03 03:16:48'),
(64, 6, 'каспер2', '2013-11-03 03:16:58'),
(65, 2, 'ара777', '2013-11-03 03:19:45'),
(66, 1, 'стоп2', '2013-11-03 03:20:04'),
(67, 1, 'болт5', '2013-11-03 03:20:11'),
(68, 2, 'хек2', '2013-11-03 03:20:33'),
(69, 1, 'вандам2', '2013-11-03 03:23:33'),
(70, 1, 'сара8', '2013-11-03 03:23:38'),
(71, 1, 'шмат8', '2013-11-03 03:23:45'),
(72, 2, 'фдц', '2013-11-03 03:25:39'),
(73, 6, 'феномен13', '2013-11-03 03:26:06'),
(74, 1, 'азкабан8', '2013-11-03 03:26:32'),
(75, 1, 'сорт21', '2013-11-03 03:26:48'),
(76, 2, 'балт', '2013-11-03 03:27:04'),
(77, 1, 'пилка3', '2013-11-03 03:27:09'),
(78, 1, 'ой5', '2013-11-03 03:27:09'),
(79, 1, 'ряса4', '2013-11-03 03:27:27'),
(80, 1, 'сбой4', '2013-11-03 03:27:58'),
(81, 1, 'кир', '2013-11-03 03:27:58'),
(82, 1, 'край9', '2013-11-03 03:27:58'),
(83, 1, 'гора732', '2013-11-03 03:28:32'),
(84, 1, 'тис11', '2013-11-03 03:28:32'),
(85, 2, 'макрос', '2013-11-03 03:29:23'),
(86, 6, 'тан21', '2013-11-03 03:29:59'),
(87, 1, 'группа47', '2013-11-03 03:30:46'),
(88, 1, 'три15', '2013-11-03 03:31:21'),
(89, 1, 'гтр2', '2013-11-03 03:32:45'),
(90, 1, 'бунт1', '2013-11-03 03:33:02'),
(91, 10, 'рим92', '2013-11-03 03:33:34'),
(92, 6, 'вид15', '2013-11-03 03:34:38'),
(93, 10, 'каспер2', '2013-11-03 03:35:15'),
(94, 1, 'рига1', '2013-11-03 03:36:47'),
(95, 1, 'лень9', '2013-11-03 03:36:47'),
(96, 6, 'гта', '2013-11-03 03:37:26'),
(97, 6, 'тис11', '2013-11-03 03:37:29'),
(98, 6, 'край9', '2013-11-03 03:37:34'),
(99, 1, 'скат5', '2013-11-03 03:37:44'),
(100, 1, 'иж45', '2013-11-03 03:38:16'),
(101, 1, 'ю7', '2013-11-03 03:38:49'),
(102, 1, 'тьма26', '2013-11-03 03:39:37'),
(103, 1, 'мрамор9', '2013-11-03 03:42:02'),
(104, 10, 'минута9', '2013-11-03 03:42:07'),
(105, 1, 'фдц2', '2013-11-03 03:42:34'),
(106, 1, 'контракт8', '2013-11-03 03:42:54'),
(107, 10, 'ток52', '2013-11-03 03:43:07'),
(108, 6, 'лень9', '2013-11-03 03:43:13'),
(109, 6, 'фдц2', '2013-11-03 03:43:23'),
(110, 6, 'макрос', '2013-11-03 03:43:30'),
(111, 6, 'вандам2', '2013-11-03 03:43:41'),
(112, 6, 'сара8', '2013-11-03 03:44:39'),
(113, 2, 'ток58', '2013-11-03 03:44:48'),
(114, 1, 'кип', '2013-11-03 03:45:11'),
(115, 2, 'яд1', '2013-11-03 03:45:27'),
(116, 10, 'фдц2', '2013-11-03 03:45:32'),
(117, 10, 'шкурка3', '2013-11-03 03:45:47'),
(118, 2, 'иж45', '2013-11-03 03:45:51'),
(119, 10, 'контракт8', '2013-11-03 03:45:54'),
(120, 1, 'балт', '2013-11-03 03:46:23'),
(121, 2, 'туз10', '2013-11-03 03:46:37'),
(122, 10, 'кир', '2013-11-03 03:47:42'),
(123, 1, 'фиг5', '2013-11-03 03:47:52'),
(124, 2, 'тьма26', '2013-11-03 03:48:20'),
(125, 2, 'ток52', '2013-11-03 03:48:20'),
(126, 2, 'фин44', '2013-11-03 03:48:32'),
(127, 2, 'вид15', '2013-11-03 03:48:32'),
(128, 10, 'ик21', '2013-11-03 03:48:33'),
(129, 1, 'ток58', '2013-11-03 03:48:34'),
(130, 2, 'акс2', '2013-11-03 03:48:37'),
(131, 2, 'сбой4', '2013-11-03 03:48:43'),
(132, 2, 'мрамор9', '2013-11-03 03:48:43'),
(133, 2, 'таз7', '2013-11-03 03:48:43'),
(134, 2, 'пар99', '2013-11-03 03:48:48'),
(135, 2, 'минута9', '2013-11-03 03:48:48'),
(136, 2, 'вертик88', '2013-11-03 03:48:54'),
(137, 2, 'крик3', '2013-11-03 03:48:54'),
(138, 2, 'стон9', '2013-11-03 03:48:58'),
(139, 10, 'фин44', '2013-11-03 03:48:59'),
(140, 2, 'ура1', '2013-11-03 03:49:03'),
(141, 2, 'чартер5', '2013-11-03 03:49:13'),
(142, 2, 'кандализа44', '2013-11-03 03:49:20'),
(143, 2, 'помпа2', '2013-11-03 03:49:24'),
(144, 2, 'мясо8', '2013-11-03 03:49:31'),
(145, 2, 'ой5', '2013-11-03 03:49:33'),
(146, 2, 'ряса4', '2013-11-03 03:49:58'),
(147, 1, 'верх88', '2013-11-03 03:50:04'),
(148, 10, 'ток58', '2013-11-03 03:50:10'),
(149, 1, 'грязь18', '2013-11-03 03:50:25'),
(150, 2, 'сорт21', '2013-11-03 03:50:40'),
(151, 28, 'грязь18', '2013-11-03 03:51:09'),
(152, 1, 'лист81', '2013-11-03 03:52:10'),
(153, 28, 'фдц', '2013-11-03 03:52:16'),
(154, 28, 'дрим8', '2013-11-03 03:52:49'),
(155, 6, 'думбия9', '2013-11-03 03:53:26'),
(156, 28, 'грот973', '2013-11-03 03:54:03'),
(157, 10, 'акс2', '2013-11-03 03:54:12'),
(158, 28, 'гек124', '2013-11-03 03:54:39'),
(159, 28, 'верх88', '2013-11-03 03:54:55'),
(160, 10, 'вор2', '2013-11-03 03:54:56'),
(161, 10, 'вино9', '2013-11-03 03:54:59'),
(162, 28, 'низина29', '2013-11-03 03:55:05'),
(163, 6, 'рига1', '2013-11-03 03:55:11'),
(164, 6, 'лист81', '2013-11-03 03:55:18'),
(165, 10, 'таз7', '2013-11-03 03:55:31'),
(166, 6, 'бунт1', '2013-11-03 03:55:37'),
(167, 28, 'макрос', '2013-11-03 03:55:45'),
(168, 28, 'сумбур1', '2013-11-03 03:55:45'),
(169, 10, 'кип', '2013-11-03 03:56:01'),
(170, 10, 'балт', '2013-11-03 03:56:03'),
(171, 28, 'вертик88', '2013-11-03 03:56:22'),
(172, 28, 'ык7', '2013-11-03 03:56:22'),
(173, 28, 'корк494', '2013-11-03 03:56:40'),
(174, 28, 'тру3', '2013-11-03 03:56:42'),
(175, 28, 'лак2', '2013-11-03 03:57:13'),
(176, 10, 'макрос', '2013-11-03 03:57:39'),
(177, 10, 'ура1', '2013-11-03 03:58:00'),
(178, 6, 'ык7', '2013-11-03 03:58:19'),
(179, 28, 'ток58', '2013-11-03 03:58:26'),
(180, 6, 'ток52', '2013-11-03 03:58:33'),
(181, 10, 'чартер5', '2013-11-03 03:58:46'),
(182, 6, 'вор2', '2013-11-03 03:59:01'),
(183, 13, 'краса43', '2013-11-03 03:59:03'),
(184, 6, 'ес734', '2013-11-03 03:59:20'),
(185, 28, 'нога42', '2013-11-03 03:59:26'),
(186, 28, 'сега48', '2013-11-03 03:59:30'),
(187, 28, 'помпа2', '2013-11-03 03:59:47'),
(188, 6, 'сбой4', '2013-11-03 04:00:10'),
(189, 6, 'ой5', '2013-11-03 04:00:14'),
(190, 6, 'грязь18', '2013-11-03 04:00:21'),
(191, 10, 'просто71', '2013-11-03 04:00:33'),
(192, 28, 'сувенир5', '2013-11-03 04:00:45'),
(193, 13, 'вор2', '2013-11-03 04:00:56'),
(194, 13, 'фдц2', '2013-11-03 04:01:01'),
(195, 28, 'гта', '2013-11-03 04:01:10'),
(196, 10, 'яд1', '2013-11-03 04:01:26'),
(197, 28, 'группа47', '2013-11-03 04:01:39'),
(198, 6, 'шкурка3', '2013-11-03 04:01:58'),
(199, 13, 'лист81', '2013-11-03 04:02:13'),
(200, 28, 'ряса4', '2013-11-03 04:02:36'),
(201, 10, 'грязь18', '2013-11-03 04:02:45'),
(202, 10, 'чуйка7', '2013-11-03 04:03:42'),
(203, 13, 'ык7', '2013-11-03 04:03:53'),
(204, 13, 'дичьсеня', '2013-11-03 04:04:17'),
(205, 13, 'сега48', '2013-11-03 04:04:26'),
(206, 13, 'философ24', '2013-11-03 04:06:25'),
(207, 13, 'шкурка3', '2013-11-03 04:06:33'),
(208, 13, 'час45', '2013-11-03 04:07:34'),
(209, 13, 'узко', '2013-11-03 04:07:39'),
(210, 6, 'мок2', '2013-11-03 04:07:39'),
(211, 13, 'хандра8', '2013-11-03 04:07:43'),
(212, 13, 'тан21', '2013-11-03 04:08:06'),
(213, 6, 'шуш', '2013-11-03 04:08:25'),
(214, 28, 'сорт21', '2013-11-03 04:09:29'),
(215, 13, 'ой5', '2013-11-03 04:09:41'),
(216, 13, 'ток58', '2013-11-03 04:09:46'),
(217, 6, 'просто71', '2013-11-03 04:09:56'),
(218, 28, 'ой5', '2013-11-03 04:10:45'),
(219, 6, 'азкабан8', '2013-11-03 04:10:52'),
(220, 13, 'тель87', '2013-11-03 04:11:07'),
(221, 13, 'грот973', '2013-11-03 04:11:53'),
(222, 28, 'гора732', '2013-11-03 04:12:56'),
(223, 28, 'чартер5', '2013-11-03 04:13:35'),
(224, 13, 'стоп2', '2013-11-03 04:14:02'),
(225, 13, 'макрос', '2013-11-03 04:14:05'),
(226, 13, 'каспер2', '2013-11-03 04:14:13'),
(227, 13, 'ара777', '2013-11-03 04:15:37'),
(228, 13, 'гек124', '2013-11-03 04:16:22'),
(229, 28, 'минута9', '2013-11-03 04:16:52'),
(230, 13, 'туз10', '2013-11-03 04:17:41'),
(231, 28, 'пар99', '2013-11-03 04:17:45'),
(232, 28, 'шкурка3', '2013-11-03 04:17:45'),
(233, 13, 'вандам2', '2013-11-03 04:18:14'),
(234, 13, 'сара8', '2013-11-03 04:18:20'),
(235, 13, 'киста7', '2013-11-03 04:18:36'),
(236, 13, 'хаха8', '2013-11-03 04:18:44'),
(237, 28, 'тис11', '2013-11-03 04:20:56'),
(238, 13, 'тис11', '2013-11-03 04:21:25'),
(239, 28, 'фдц2', '2013-11-03 04:21:35'),
(240, 28, 'вор2', '2013-11-03 04:22:51'),
(241, 13, 'яд1', '2013-11-03 04:23:05'),
(242, 28, 'мет35', '2013-11-03 04:23:20'),
(243, 28, 'крик3', '2013-11-03 04:25:16'),
(244, 28, 'ура1', '2013-11-03 04:26:35'),
(245, 28, 'фея29', '2013-11-03 04:26:35'),
(246, 28, 'св7', '2013-11-03 04:26:39'),
(247, 28, 'азкабан8', '2013-11-03 04:32:59'),
(248, 28, 'сбой4', '2013-11-03 04:32:59'),
(249, 13, 'ряса4', '2013-11-03 04:34:01'),
(250, 28, 'пилка3', '2013-11-03 04:34:14'),
(251, 28, 'тьма26', '2013-11-03 04:34:38'),
(252, 13, 'сорт21', '2013-11-03 04:35:34'),
(253, 28, 'шуберт5', '2013-11-03 04:35:38'),
(254, 28, 'киста7', '2013-11-03 04:36:08'),
(255, 13, 'грязь18', '2013-11-03 04:37:06'),
(256, 28, 'чуйка7', '2013-11-03 04:37:10'),
(257, 13, 'бунт1', '2013-11-03 04:42:18'),
(258, 13, 'чуйка7', '2013-11-03 04:45:35'),
(259, 15, 'ток52', '2013-11-03 04:47:10'),
(260, 16, 'ток52', '2013-11-03 04:47:13'),
(261, 16, 'супчик8', '2013-11-03 04:48:11'),
(262, 15, 'фдц', '2013-11-03 04:48:25'),
(263, 13, 'краб22', '2013-11-03 04:48:32'),
(264, 13, 'думбия9', '2013-11-03 04:48:45'),
(265, 19, 'ес734', '2013-11-03 04:49:38'),
(266, 15, 'жук84', '2013-11-03 04:50:05'),
(267, 16, 'ква21', '2013-11-03 04:50:15'),
(268, 8, 'шкурка3', '2013-11-03 04:50:36'),
(269, 7, 'сумбур1', '2013-11-03 04:50:39'),
(270, 15, 'думбия9', '2013-11-03 04:50:50'),
(271, 15, 'рим92', '2013-11-03 04:51:25'),
(272, 7, 'грот973', '2013-11-03 04:51:26'),
(273, 8, 'феномен13', '2013-11-03 04:52:14'),
(274, 16, 'таз7', '2013-11-03 04:52:16'),
(275, 19, 'рим92', '2013-11-03 04:52:29'),
(276, 19, 'философ24', '2013-11-03 04:52:55'),
(277, 7, 'ык7', '2013-11-03 04:53:13'),
(278, 15, 'философ24', '2013-11-03 04:53:14'),
(279, 16, 'чуйка7', '2013-11-03 04:54:12'),
(280, 8, 'спин84', '2013-11-03 04:54:23'),
(281, 8, 'ес734', '2013-11-03 04:54:53'),
(282, 19, 'дрим8', '2013-11-03 04:55:08'),
(283, 7, 'супчик8', '2013-11-03 04:55:15'),
(284, 8, 'умка72', '2013-11-03 04:55:59'),
(285, 19, 'ток58', '2013-11-03 04:56:25'),
(286, 16, 'рим92', '2013-11-03 04:57:01'),
(287, 16, 'минута9', '2013-11-03 04:57:20'),
(288, 16, 'сбой4', '2013-11-03 04:57:43'),
(289, 15, 'вертик88', '2013-11-03 04:58:10'),
(290, 8, 'игла82', '2013-11-03 04:58:15'),
(291, 7, 'фдц2', '2013-11-03 04:59:28'),
(292, 8, 'хек2', '2013-11-03 04:59:54'),
(293, 15, 'ес734', '2013-11-03 05:00:01'),
(294, 16, 'сара8', '2013-11-03 05:00:13'),
(295, 8, 'тель87', '2013-11-03 05:00:42'),
(296, 8, 'сувенир5', '2013-11-03 05:01:16'),
(297, 8, 'паук11', '2013-11-03 05:01:34'),
(298, 16, 'бунт1', '2013-11-03 05:02:11'),
(299, 16, 'грязь18', '2013-11-03 05:02:58'),
(300, 19, 'лень9', '2013-11-03 05:03:01'),
(301, 16, 'ржк', '2013-11-03 05:04:20'),
(302, 16, 'тру3', '2013-11-03 05:04:57'),
(303, 19, 'цубер77', '2013-11-03 05:06:21'),
(304, 16, 'ык7', '2013-11-03 05:06:52'),
(305, 19, 'фдц', '2013-11-03 05:08:27'),
(306, 7, 'вандам2', '2013-11-03 05:08:29'),
(307, 8, 'таз7', '2013-11-03 05:08:43'),
(308, 8, 'ой5', '2013-11-03 05:09:51'),
(309, 7, 'рим92', '2013-11-03 05:10:10'),
(310, 19, 'туз10', '2013-11-03 05:10:44'),
(311, 19, 'балт', '2013-11-03 05:10:48'),
(312, 19, 'мрамор9', '2013-11-03 05:10:49'),
(313, 16, 'вино9', '2013-11-03 05:10:55'),
(314, 19, 'фдц2', '2013-11-03 05:11:52'),
(315, 7, 'фин44', '2013-11-03 05:11:52'),
(316, 16, 'тьма26', '2013-11-03 05:11:54'),
(317, 7, 'сорт21', '2013-11-03 05:12:04'),
(318, 7, 'ой5', '2013-11-03 05:12:21'),
(319, 7, 'стон9', '2013-11-03 05:12:37'),
(320, 7, 'яд1', '2013-11-03 05:12:48'),
(321, 7, 'контракт8', '2013-11-03 05:13:00'),
(322, 8, 'тру3', '2013-11-03 05:13:21'),
(323, 8, 'ряса4', '2013-11-03 05:13:37'),
(324, 16, 'помпа2', '2013-11-03 05:13:43'),
(325, 8, 'сорт21', '2013-11-03 05:14:33'),
(326, 7, 'минута9', '2013-11-03 05:14:45'),
(327, 7, 'плен178', '2013-11-03 05:14:59'),
(328, 7, 'тис11', '2013-11-03 05:15:15'),
(329, 16, 'ряса4', '2013-11-03 05:15:22'),
(330, 7, 'мок2', '2013-11-03 05:15:26'),
(331, 7, 'саб5', '2013-11-03 05:15:35'),
(332, 7, 'лень9', '2013-11-03 05:15:42'),
(333, 19, 'яд1', '2013-11-03 05:15:49'),
(334, 16, 'хел', '2013-11-03 05:15:49'),
(335, 8, 'макрос', '2013-11-03 05:15:57'),
(336, 19, 'просто71', '2013-11-03 05:16:06'),
(337, 8, 'тис11', '2013-11-03 05:16:10'),
(338, 8, 'акс2', '2013-11-03 05:17:12'),
(339, 8, 'шуш', '2013-11-03 05:17:12'),
(340, 16, 'тис11', '2013-11-03 05:17:13'),
(341, 19, 'ой5', '2013-11-03 05:17:35'),
(342, 19, 'акс2', '2013-11-03 05:17:35'),
(343, 19, 'скат5', '2013-11-03 05:17:36'),
(344, 7, 'краб22', '2013-11-03 05:17:59'),
(345, 7, 'шуберт5', '2013-11-03 05:18:21'),
(346, 16, 'край9', '2013-11-03 05:18:38'),
(347, 8, 'пилка3', '2013-11-03 05:18:59'),
(348, 8, 'крик3', '2013-11-03 05:18:59'),
(349, 16, 'фдц2', '2013-11-03 05:19:07'),
(350, 19, 'тис11', '2013-11-03 05:19:09'),
(351, 8, 'саб5', '2013-11-03 05:19:10'),
(352, 7, 'шкурка3', '2013-11-03 05:19:17'),
(353, 7, 'макрос', '2013-11-03 05:19:23'),
(354, 16, 'просто71', '2013-11-03 05:19:41'),
(355, 7, 'крик3', '2013-11-03 05:19:50'),
(356, 8, 'стон9', '2013-11-03 05:20:25'),
(357, 8, 'грязь18', '2013-11-03 05:20:52'),
(358, 16, 'иж45', '2013-11-03 05:20:52'),
(359, 8, 'сара8', '2013-11-03 05:21:21'),
(360, 19, 'вандам2', '2013-11-03 05:22:04'),
(361, 8, 'вор2', '2013-11-03 05:22:19'),
(362, 7, 'фдц', '2013-11-03 05:22:29'),
(363, 8, 'чартер5', '2013-11-03 05:22:30'),
(364, 8, 'ток52', '2013-11-03 05:22:30'),
(365, 19, 'бунт1', '2013-11-03 05:22:42'),
(366, 8, 'азкабан8', '2013-11-03 05:22:44'),
(367, 19, 'азкабан8', '2013-11-03 05:23:04'),
(368, 7, 'ток52', '2013-11-03 05:23:09'),
(369, 8, 'сбой4', '2013-11-03 05:23:34'),
(370, 19, 'шуш', '2013-11-03 05:23:55'),
(371, 8, 'ык7', '2013-11-03 05:24:42'),
(372, 19, 'вор2', '2013-11-03 05:24:50'),
(373, 15, 'грот973', '2013-11-03 05:25:16'),
(374, 8, 'скат5', '2013-11-03 05:25:23'),
(375, 8, 'фдц', '2013-11-03 05:26:06'),
(376, 15, 'фдц2', '2013-11-03 05:26:34'),
(377, 15, 'контракт8', '2013-11-03 05:26:37'),
(378, 19, 'сорт21', '2013-11-03 05:26:39'),
(379, 15, 'скат5', '2013-11-03 05:26:47'),
(380, 15, 'фин44', '2013-11-03 05:26:53'),
(381, 15, 'сбой4', '2013-11-03 05:26:54'),
(382, 15, 'вандам2', '2013-11-03 05:27:12'),
(383, 15, 'вор2', '2013-11-03 05:27:59'),
(384, 8, 'верх88', '2013-11-03 05:28:14'),
(385, 15, 'лист81', '2013-11-03 05:28:35'),
(386, 15, 'ык7', '2013-11-03 05:28:59'),
(387, 15, 'просто71', '2013-11-03 05:29:07'),
(388, 15, 'шуш', '2013-11-03 05:29:32'),
(389, 15, 'саб5', '2013-11-03 05:29:40'),
(390, 8, 'шуберт5', '2013-11-03 05:29:46'),
(391, 15, 'грязь18', '2013-11-03 05:33:49'),
(392, 15, 'тис11', '2013-11-03 05:34:02'),
(393, 15, 'кир', '2013-11-03 05:34:09'),
(394, 15, 'гта', '2013-11-03 05:34:15'),
(395, 15, 'макрос', '2013-11-03 05:34:29'),
(396, 15, 'кип', '2013-11-03 05:34:35'),
(397, 15, 'вид15', '2013-11-03 05:36:11'),
(398, 8, 'контракт8', '2013-11-03 05:36:39'),
(399, 25, 'вандам2', '2013-11-03 05:49:47'),
(400, 5, 'вандам2', '2013-11-03 05:49:58'),
(401, 25, 'гом2', '2013-11-03 05:50:22'),
(402, 5, 'вертик88', '2013-11-03 05:50:28'),
(403, 25, 'сара8', '2013-11-03 05:50:50'),
(404, 5, 'промо7', '2013-11-03 05:51:58'),
(405, 25, 'укроп5', '2013-11-03 05:52:34'),
(406, 5, 'грот973', '2013-11-03 05:52:35'),
(407, 25, 'стоп2', '2013-11-03 05:53:05'),
(408, 5, 'кодик721', '2013-11-03 05:54:17'),
(409, 5, 'фин44', '2013-11-03 05:54:17'),
(410, 5, 'шкурка3', '2013-11-03 05:55:30'),
(411, 5, 'просто71', '2013-11-03 05:55:54'),
(412, 25, 'чуйка7', '2013-11-03 05:57:21'),
(413, 5, 'игла82', '2013-11-03 05:57:42'),
(414, 25, 'шуш', '2013-11-03 05:59:02'),
(415, 5, 'гта', '2013-11-03 05:59:13'),
(416, 5, 'жук84', '2013-11-03 05:59:57'),
(417, 25, 'рим92', '2013-11-03 06:00:07'),
(418, 25, 'жук84', '2013-11-03 06:00:27'),
(419, 5, 'плюмбум7', '2013-11-03 06:00:52'),
(420, 5, 'тис11', '2013-11-03 06:01:01'),
(421, 25, 'сорт21', '2013-11-03 06:01:02'),
(422, 25, 'сувенир5', '2013-11-03 06:01:34'),
(423, 5, 'дрим8', '2013-11-03 06:02:49'),
(424, 25, 'тис11', '2013-11-03 06:03:57'),
(425, 25, 'ой5', '2013-11-03 06:04:06'),
(426, 25, 'яд1', '2013-11-03 06:04:45'),
(427, 25, 'крик3', '2013-11-03 06:05:26'),
(428, 25, 'просто71', '2013-11-03 06:05:35'),
(429, 5, 'философ24', '2013-11-03 06:06:13'),
(430, 5, 'хандра8', '2013-11-03 06:06:13'),
(431, 25, 'ржк', '2013-11-03 06:08:25'),
(432, 17, 'сега48', '2013-11-03 06:11:46'),
(433, 25, 'фин44', '2013-11-03 06:12:24'),
(434, 17, 'гипиус45', '2013-11-03 06:12:27'),
(435, 25, 'сбой4', '2013-11-03 06:12:36'),
(436, 25, 'вор2', '2013-11-03 06:12:52'),
(437, 25, 'думбия9', '2013-11-03 06:13:22'),
(438, 25, 'му24', '2013-11-03 06:13:43'),
(439, 25, 'фдц', '2013-11-03 06:14:39'),
(440, 25, 'лист81', '2013-11-03 06:15:11'),
(441, 25, 'мы7', '2013-11-03 06:16:23'),
(442, 17, 'вино9', '2013-11-03 06:16:30'),
(443, 25, 'фиг5', '2013-11-03 06:16:43'),
(444, 25, 'ток52', '2013-11-03 06:17:08'),
(445, 25, 'фдц2', '2013-11-03 06:18:53'),
(446, 5, 'час45', '2013-11-03 06:18:56'),
(447, 5, 'сумбур1', '2013-11-03 06:19:04'),
(448, 17, 'ык7', '2013-11-03 06:19:06'),
(449, 17, 'мы7', '2013-11-03 06:19:16'),
(450, 25, 'контракт8', '2013-11-03 06:20:34'),
(451, 25, 'лень9', '2013-11-03 06:20:42'),
(452, 17, 'лист81', '2013-11-03 06:21:35'),
(453, 5, 'низко51', '2013-11-03 06:22:16'),
(454, 17, 'ржк', '2013-11-03 06:22:24'),
(455, 17, 'минута9', '2013-11-03 06:24:17'),
(456, 17, 'грязь18', '2013-11-03 06:26:13'),
(457, 5, 'яд1', '2013-11-03 06:26:24'),
(458, 5, 'вор2', '2013-11-03 06:26:28'),
(459, 27, 'вор2', '2013-11-03 06:27:54'),
(460, 27, 'путин33', '2013-11-03 06:29:01'),
(461, 17, 'макрос', '2013-11-03 06:29:03'),
(462, 17, 'рим92', '2013-11-03 06:29:25'),
(463, 5, 'сувенир5', '2013-11-03 06:30:06'),
(464, 17, 'лень9', '2013-11-03 06:35:13'),
(465, 5, 'край9', '2013-11-03 06:37:41'),
(466, 5, 'фдц2', '2013-11-03 06:37:47'),
(467, 17, 'туз10', '2013-11-03 06:39:31'),
(468, 5, 'костер8', '2013-11-03 06:40:41'),
(469, 5, 'дичьсеня', '2013-11-03 06:40:48'),
(470, 5, 'рим92', '2013-11-03 06:40:56'),
(471, 5, 'ой5', '2013-11-03 06:41:03'),
(472, 17, 'балт', '2013-11-03 06:42:02'),
(473, 17, 'мрамор9', '2013-11-03 06:42:16'),
(474, 5, 'паук11', '2013-11-03 06:43:33'),
(475, 5, 'диван9', '2013-11-03 06:43:38'),
(476, 5, 'сега48', '2013-11-03 06:43:47'),
(477, 5, 'три15', '2013-11-03 06:43:53'),
(478, 5, 'краса43', '2013-11-03 06:44:00'),
(479, 5, 'помпа2', '2013-11-03 06:44:05'),
(480, 17, 'гора732', '2013-11-03 06:44:44'),
(481, 27, 'фея29', '2013-11-03 06:44:55'),
(482, 24, 'грязь18', '2013-11-03 06:46:54'),
(483, 17, 'шуш', '2013-11-03 06:47:01'),
(484, 24, 'жук84', '2013-11-03 06:47:21'),
(485, 24, 'слог42', '2013-11-03 06:48:17'),
(486, 27, 'ык7', '2013-11-03 06:48:22'),
(487, 17, 'лга', '2013-11-03 06:48:37'),
(488, 17, 'край9', '2013-11-03 06:49:29'),
(489, 17, 'просто71', '2013-11-03 06:50:36'),
(490, 27, 'фдц2', '2013-11-03 06:51:58'),
(491, 27, 'мет35', '2013-11-03 06:52:11'),
(492, 27, 'липа6', '2013-11-03 06:52:20'),
(493, 24, 'плюмбум7', '2013-11-03 06:52:22'),
(494, 17, 'киста7', '2013-11-03 06:53:04'),
(495, 17, 'хел', '2013-11-03 06:53:34'),
(496, 24, 'му24', '2013-11-03 06:55:11'),
(497, 27, 'ток52', '2013-11-03 06:55:53'),
(498, 24, 'вор2', '2013-11-03 06:56:05'),
(499, 24, 'рим92', '2013-11-03 06:56:37'),
(500, 17, 'тис11', '2013-11-03 06:57:09'),
(501, 11, 'плюмбум7', '2013-11-03 06:58:35'),
(502, 24, 'вино9', '2013-11-03 06:59:51'),
(503, 24, 'ык7', '2013-11-03 06:59:51'),
(504, 11, 'рим92', '2013-11-03 07:00:31'),
(505, 17, 'фдц', '2013-11-03 07:01:01'),
(506, 14, 'дичьсеня', '2013-11-03 07:01:33'),
(507, 27, 'балт', '2013-11-03 07:01:48'),
(508, 27, 'ржк', '2013-11-03 07:01:57'),
(509, 24, 'ржк', '2013-11-03 07:02:00'),
(510, 24, 'та37', '2013-11-03 07:02:15'),
(511, 20, 'срам47', '2013-11-03 07:03:54'),
(512, 20, 'дичьсеня', '2013-11-03 07:03:54'),
(513, 14, 'хандра8', '2013-11-03 07:05:25'),
(514, 14, 'спин84', '2013-11-03 07:05:25'),
(515, 20, 'вертик88', '2013-11-03 07:05:38'),
(516, 20, 'лак2', '2013-11-03 07:05:38'),
(517, 20, 'каспер2', '2013-11-03 07:05:52'),
(518, 20, 'гипиус45', '2013-11-03 07:05:52'),
(519, 20, 'грот973', '2013-11-03 07:07:16'),
(520, 27, 'бунт1', '2013-11-03 07:07:26'),
(521, 27, 'рим92', '2013-11-03 07:07:32'),
(522, 11, 'мы7', '2013-11-03 07:08:07'),
(523, 24, 'лень9', '2013-11-03 07:09:31'),
(524, 27, 'вандам2', '2013-11-03 07:10:01'),
(525, 27, 'краса43', '2013-11-03 07:10:09'),
(526, 20, 'супчик8', '2013-11-03 07:11:09'),
(527, 20, 'низина29', '2013-11-03 07:11:09'),
(528, 27, 'сара8', '2013-11-03 07:11:59'),
(529, 20, 'зинаида3', '2013-11-03 07:12:29'),
(530, 20, 'грязь18', '2013-11-03 07:13:21'),
(531, 11, '237', '2013-11-03 07:13:38'),
(532, 26, 'минута9', '2013-11-03 07:13:45'),
(533, 24, 'тис11', '2013-11-03 07:13:47'),
(534, 24, 'кип', '2013-11-03 07:14:04'),
(535, 26, 'супчик8', '2013-11-03 07:14:20'),
(536, 27, 'грязь18', '2013-11-03 07:14:24'),
(537, 26, 'ык7', '2013-11-03 07:14:31'),
(538, 26, 'слог42', '2013-11-03 07:14:40'),
(539, 14, 'гора732', '2013-11-03 07:15:00'),
(540, 14, 'гта', '2013-11-03 07:15:00'),
(541, 14, 'макрос', '2013-11-03 07:15:00'),
(542, 14, 'балт', '2013-11-03 07:15:00'),
(543, 14, 'хек2', '2013-11-03 07:15:00'),
(544, 26, 'просто71', '2013-11-03 07:16:23'),
(545, 26, 'гек124', '2013-11-03 07:16:23'),
(546, 26, 'кандализа44', '2013-11-03 07:16:23'),
(547, 27, 'азкабан8', '2013-11-03 07:17:15'),
(548, 11, 'фдц', '2013-11-03 07:17:16'),
(549, 27, 'лень9', '2013-11-03 07:17:21'),
(550, 26, 'вор2', '2013-11-03 07:17:28'),
(551, 27, 'сбой4', '2013-11-03 07:17:30'),
(552, 27, 'таз7', '2013-11-03 07:17:36'),
(553, 26, 'лень9', '2013-11-03 07:17:45'),
(554, 27, 'шмат8', '2013-11-03 07:17:46'),
(555, 27, 'макрос', '2013-11-03 07:17:52'),
(556, 27, 'стог38', '2013-11-03 07:17:57'),
(557, 26, 'зинаида3', '2013-11-03 07:18:09'),
(558, 27, 'край9', '2013-11-03 07:18:15'),
(559, 11, 'мрамор9', '2013-11-03 07:18:57'),
(560, 27, 'пилка3', '2013-11-03 07:18:59'),
(561, 24, 'гта', '2013-11-03 07:19:05'),
(562, 24, 'лист81', '2013-11-03 07:19:05'),
(563, 26, 'лист81', '2013-11-03 07:19:28'),
(564, 26, 'час45', '2013-11-03 07:20:29'),
(565, 26, 'тан21', '2013-11-03 07:20:29'),
(566, 27, 'просто71', '2013-11-03 07:20:30'),
(567, 26, 'пхс32', '2013-11-03 07:21:28'),
(568, 26, 'тис11', '2013-11-03 07:21:46'),
(569, 24, 'краб22', '2013-11-03 07:21:50'),
(570, 26, 'туз10', '2013-11-03 07:22:42'),
(571, 12, 'гора732', '2013-11-03 07:25:02'),
(572, 24, 'ток58', '2013-11-03 07:25:06'),
(573, 24, 'просто71', '2013-11-03 07:25:06'),
(574, 11, 'яд1', '2013-11-03 07:25:41'),
(575, 14, 'вертик88', '2013-11-03 07:25:54'),
(576, 14, 'миссия7', '2013-11-03 07:25:54'),
(577, 14, 'грот973', '2013-11-03 07:25:54'),
(578, 14, 'омг1', '2013-11-03 07:25:54'),
(579, 14, 'кодик721', '2013-11-03 07:25:54'),
(580, 14, 'древо2', '2013-11-03 07:25:54'),
(581, 14, 'верх88', '2013-11-03 07:25:54'),
(582, 14, 'фдц', '2013-11-03 07:25:54'),
(583, 14, 'краб22', '2013-11-03 07:25:54'),
(584, 14, 'вор2', '2013-11-03 07:25:54'),
(585, 14, 'гек124', '2013-11-03 07:25:54'),
(586, 14, 'шуя1', '2013-11-03 07:25:54'),
(587, 14, 'ик21', '2013-11-03 07:25:54'),
(588, 12, 'вертик88', '2013-11-03 07:26:27'),
(589, 12, 'фдц', '2013-11-03 07:26:46'),
(590, 12, 'киста7', '2013-11-03 07:26:54'),
(591, 26, 'шуя1', '2013-11-03 07:27:00'),
(592, 12, 'омг1', '2013-11-03 07:27:39'),
(593, 11, 'вид15', '2013-11-03 07:27:46'),
(594, 12, 'грот973', '2013-11-03 07:27:58'),
(595, 11, 'туз10', '2013-11-03 07:28:02'),
(596, 26, 'киста7', '2013-11-03 07:28:29'),
(597, 26, 'тьма26', '2013-11-03 07:28:40'),
(598, 24, 'паб28', '2013-11-03 07:28:40'),
(599, 24, 'гора732', '2013-11-03 07:28:40'),
(600, 26, 'тик87', '2013-11-03 07:29:17'),
(601, 14, 'ква21', '2013-11-03 07:29:18'),
(602, 14, 'игла82', '2013-11-03 07:29:18'),
(603, 14, 'паук11', '2013-11-03 07:29:18'),
(604, 14, 'три15', '2013-11-03 07:29:18'),
(605, 14, 'яд1', '2013-11-03 07:29:28'),
(606, 26, 'макрос', '2013-11-03 07:29:29'),
(607, 24, 'фдц', '2013-11-03 07:30:12'),
(608, 11, 'акс2', '2013-11-03 07:30:42'),
(609, 21, 'верх88', '2013-11-03 07:30:52'),
(610, 24, 'фдц2', '2013-11-03 07:31:20'),
(611, 21, 'каспер2', '2013-11-03 07:31:55'),
(612, 12, 'шуя1', '2013-11-03 07:32:06'),
(613, 24, 'контракт8', '2013-11-03 07:32:09'),
(614, 12, 'спин84', '2013-11-03 07:32:23'),
(615, 12, 'лень9', '2013-11-03 07:32:33'),
(616, 14, 'гом2', '2013-11-03 07:33:11'),
(617, 14, 'укроп5', '2013-11-03 07:33:11'),
(618, 14, 'стоп2', '2013-11-03 07:33:11'),
(619, 14, 'сувенир5', '2013-11-03 07:33:11'),
(620, 14, 'вандам2', '2013-11-03 07:33:11'),
(621, 14, 'сара8', '2013-11-03 07:33:11'),
(622, 12, 'хандра8', '2013-11-03 07:33:14'),
(623, 26, 'леонтьев8', '2013-11-03 07:33:18'),
(624, 12, 'ик21', '2013-11-03 07:33:46'),
(625, 14, 'ряса4', '2013-11-03 07:34:00'),
(626, 20, 'му24', '2013-11-03 07:34:01'),
(627, 14, 'ой5', '2013-11-03 07:34:10'),
(628, 20, 'чуйка7', '2013-11-03 07:34:39'),
(629, 12, 'хад34', '2013-11-03 07:34:42'),
(630, 24, 'ряса4', '2013-11-03 07:34:49'),
(631, 14, 'сорт21', '2013-11-03 07:35:15'),
(632, 20, 'туз10', '2013-11-03 07:35:42'),
(633, 24, 'шкурка3', '2013-11-03 07:35:51'),
(634, 20, 'вандам2', '2013-11-03 07:35:54'),
(635, 26, 'фдц', '2013-11-03 07:37:33'),
(636, 14, 'сбой4', '2013-11-03 07:38:18'),
(637, 21, 'яд1', '2013-11-03 07:38:32'),
(638, 11, 'вандам2', '2013-11-03 07:38:43'),
(639, 20, 'ряса4', '2013-11-03 07:39:12'),
(640, 20, 'тьма26', '2013-11-03 07:39:12'),
(641, 26, 'вид15', '2013-11-03 07:39:52'),
(642, 14, 'думбия9', '2013-11-03 07:40:51'),
(643, 26, 'верх88', '2013-11-03 07:41:05'),
(644, 14, 'умка72', '2013-11-03 07:41:31'),
(645, 14, 'фдц2', '2013-11-03 07:43:14'),
(646, 26, 'шкурка3', '2013-11-03 07:43:19'),
(647, 12, 'просто71', '2013-11-03 07:43:24'),
(648, 14, 'феномен13', '2013-11-03 07:44:12'),
(649, 21, 'сбой4', '2013-11-03 07:44:23'),
(650, 26, 'гора732', '2013-11-03 07:44:25'),
(651, 21, 'фин44', '2013-11-03 07:44:28'),
(652, 26, 'фдц2', '2013-11-03 07:44:32'),
(653, 26, 'лга', '2013-11-03 07:44:32'),
(654, 21, 'акс2', '2013-11-03 07:44:37'),
(655, 12, 'край9', '2013-11-03 07:46:37'),
(656, 12, 'ес734', '2013-11-03 07:46:49'),
(657, 26, 'край9', '2013-11-03 07:46:56'),
(658, 12, 'макрос', '2013-11-03 07:47:00'),
(659, 12, 'лист81', '2013-11-03 07:47:06'),
(660, 12, 'ток52', '2013-11-03 07:47:14'),
(661, 12, 'гта', '2013-11-03 07:47:21'),
(662, 12, 'тьма26', '2013-11-03 07:47:27'),
(663, 12, 'тис11', '2013-11-03 07:47:33'),
(664, 12, 'мрамор9', '2013-11-03 07:47:38'),
(665, 11, 'просто71', '2013-11-03 07:47:46'),
(666, 12, 'шуш', '2013-11-03 07:48:26'),
(667, 26, 'гта', '2013-11-03 07:49:48'),
(668, 26, 'мет35', '2013-11-03 07:49:54'),
(669, 26, 'мок2', '2013-11-03 07:50:10'),
(670, 26, 'краб22', '2013-11-03 07:50:45'),
(671, 11, 'ес734', '2013-11-03 07:51:03'),
(672, 14, 'кю2', '2013-11-03 07:51:07'),
(673, 26, 'шуш', '2013-11-03 07:51:40'),
(674, 21, 'ряса4', '2013-11-03 07:53:08'),
(675, 12, 'яд1', '2013-11-03 07:53:39'),
(676, 26, 'вандам2', '2013-11-03 07:56:26'),
(677, 26, 'сара8', '2013-11-03 07:56:45'),
(678, 12, 'краб22', '2013-11-03 07:57:01'),
(679, 12, 'ток58', '2013-11-03 07:57:08'),
(680, 12, 'вандам2', '2013-11-03 07:57:28'),
(681, 21, 'фдц', '2013-11-03 07:57:51'),
(682, 26, 'акс2', '2013-11-03 07:57:54'),
(683, 21, 'ток58', '2013-11-03 07:57:56'),
(684, 21, 'тру3', '2013-11-03 07:58:00'),
(685, 21, 'ой5', '2013-11-03 07:58:09'),
(686, 12, 'акс2', '2013-11-03 07:58:13'),
(687, 21, 'жена2', '2013-11-03 07:58:14'),
(688, 12, 'кир', '2013-11-03 07:58:21'),
(689, 21, 'азкабан8', '2013-11-03 07:58:21'),
(690, 21, 'вандам2', '2013-11-03 07:58:38'),
(691, 26, 'стон9', '2013-11-03 08:00:11'),
(692, 12, 'фдц2', '2013-11-03 08:01:17'),
(693, 12, 'таз7', '2013-11-03 08:01:25'),
(694, 21, 'дрим8', '2013-11-03 08:02:19'),
(695, 26, 'ряса4', '2013-11-03 08:03:02'),
(696, 26, 'ой5', '2013-11-03 08:03:21'),
(697, 21, 'ес734', '2013-11-03 08:03:29'),
(698, 12, 'кип', '2013-11-03 08:04:25'),
(699, 12, 'ряса4', '2013-11-03 08:04:49'),
(700, 12, 'ой5', '2013-11-03 08:05:29'),
(701, 26, 'тру3', '2013-11-03 08:05:40'),
(702, 21, 'сара8', '2013-11-03 08:06:00'),
(703, 12, 'шкурка3', '2013-11-03 08:06:41'),
(704, 21, 'грязь18', '2013-11-03 08:06:45'),
(705, 12, 'ык7', '2013-11-03 08:06:48'),
(706, 21, 'ток52', '2013-11-03 08:07:09'),
(707, 21, 'балт', '2013-11-03 08:09:36'),
(708, 4, 'вертик88', '2013-11-03 08:18:57'),
(709, 4, 'каспер2', '2013-11-03 08:19:27'),
(710, 4, 'грот973', '2013-11-03 08:22:49'),
(711, 4, 'фдц', '2013-11-03 08:24:14'),
(712, 4, 'фдц2', '2013-11-03 08:30:13'),
(713, 4, 'сега48', '2013-11-03 08:31:42'),
(714, 4, 'шкурка3', '2013-11-03 08:37:39'),
(715, 4, 'тлен66', '2013-11-03 08:40:33'),
(716, 4, 'шуш', '2013-11-03 08:42:38'),
(717, 4, 'просто71', '2013-11-03 08:44:57'),
(718, 4, 'мрамор9', '2013-11-03 08:49:19'),
(719, 4, 'гта', '2013-11-03 08:49:44'),
(720, 4, 'таз7', '2013-11-03 08:52:54'),
(721, 4, 'вандам2', '2013-11-03 08:53:05'),
(722, 4, 'сара8', '2013-11-03 08:53:39'),
(723, 4, 'рига1', '2013-11-03 08:55:37'),
(724, 4, 'тис11', '2013-11-03 08:55:55'),
(725, 4, 'край9', '2013-11-03 08:58:27'),
(726, 4, 'ток52', '2013-11-03 09:03:49'),
(727, 4, 'гора732', '2013-11-03 09:04:29'),
(728, 4, 'гтр2', '2013-11-03 09:06:38'),
(729, 4, 'тру3', '2013-11-03 09:09:58'),
(730, 4, 'ржк', '2013-11-03 09:10:38');

-- --------------------------------------------------------

--
-- Структура таблицы `scr_team_score`
--

CREATE TABLE IF NOT EXISTS `scr_team_score` (
  `team_id` int(11) NOT NULL,
  `score` int(11) NOT NULL DEFAULT '0',
  `lastShow` datetime DEFAULT NULL,
  PRIMARY KEY (`team_id`)
) ENGINE=MyISAM DEFAULT CHARSET=utf8;

--
-- Дамп данных таблицы `scr_team_score`
--

INSERT INTO `scr_team_score` (`team_id`, `score`, `lastShow`) VALUES
(1, 20, '2013-11-03 03:53:21'),
(31, 20, '2013-11-03 02:54:17'),
(2, 20, '2013-11-03 03:50:52'),
(6, 18, '2013-11-03 04:10:55'),
(10, 20, '2013-11-03 04:03:49'),
(28, 20, '2013-11-03 04:37:33'),
(13, 8, '2013-11-03 04:55:55'),
(16, 20, '2013-11-03 05:20:06'),
(15, 20, '2013-11-03 05:34:46'),
(7, 20, '2013-11-03 05:23:43'),
(19, 20, '2013-11-03 05:26:09'),
(8, 20, '2013-11-03 05:37:14'),
(5, -8, '2013-11-03 06:42:22'),
(25, 20, '2013-11-03 06:20:06'),
(17, 20, '2013-11-03 07:01:59'),
(27, 20, '2013-11-03 07:20:01'),
(24, 20, '2013-11-03 07:34:54'),
(11, 11, '2013-11-03 07:51:07'),
(20, -3, '2013-11-03 07:50:25'),
(14, -7, '2013-11-03 07:49:53'),
(26, 20, '2013-11-03 08:06:22'),
(21, 16, '2013-11-03 08:09:46'),
(12, 20, '2013-11-03 08:04:27'),
(4, 15, '2013-11-03 09:15:27');

-- --------------------------------------------------------

--
-- Структура таблицы `teams`
--

CREATE TABLE IF NOT EXISTS `teams` (
  `id` int(11) NOT NULL AUTO_INCREMENT,
  `name` varchar(255) NOT NULL,
  `en_id` int(11) NOT NULL,
  `hash` varchar(40) NOT NULL,
  PRIMARY KEY (`id`),
  UNIQUE KEY `hash` (`hash`),
  UNIQUE KEY `en_id` (`en_id`)
) ENGINE=MyISAM  DEFAULT CHARSET=utf8 AUTO_INCREMENT=32 ;

--
-- Дамп данных таблицы `teams`
--

INSERT INTO `teams` (`id`, `name`, `en_id`, `hash`) VALUES
(1, 'Сдвиги', 14704, '24bd92497ee1a3c40447d8333d34ae46'),
(2, '[NIP]', 119446, 'dd2646ea69e7c58110d33917b3643496'),
(3, '<<<Right_coasT>>>', 21159, '0ac8b663e6dd1e4215510fb76a01addc'),
(4, '[DzEN]', 131229, 'd74625208beeb3be30e5b7d4e2a92b11'),
(5, 'ПРОСТОКВАШИНО', 1558, '8f3bf7dc831835a379464df75a058fd6'),
(6, 'FDC', 2329, '7659c8cfb5da5c4e3a63cbf503f5ac37'),
(7, '31337', 4028, 'c3de01cb091b990adaef706f423ad0ac'),
(8, '<< DOБRO >>', 115201, '1dd37b87153f81735769a26194f91425'),
(9, 'CHICITOS', 16544, '4e20903f47b6cde7bef7fd5a4e1f70e3'),
(10, 'Брюс Ли ебашит #бампер', 127473, '047ada24c77a8f7fba5e189f16788af4'),
(11, 'Двое против Ветра', 17122, 'f0c9ef97a1fdeee455e3dbbdcfeac7fc'),
(12, 'СВЯТЫЕ ЛЮТИКИ [StB]', 103670, 'e24736e65fc146cc345654334adc883d'),
(13, 'Дети ночи', 21765, '9a3ecb86ec3b44cc639aeb6e9d0768b0'),
(14, '~Simon''s Cat~', 116455, '7687241c0b5a18bc42c641d7fd771ebf'),
(15, 'Crazy Rabbids', 20269, '678dc6ced94c05aeaa92488b5ab5be5c'),
(16, 'Трудовые Резервы [DaIGR]', 124718, 'f33a9ef03a0b32f3cdaf878fd7670934'),
(17, 'Night Brest', 13401, '63b462cac0d526e25eaf0b4b5cd04a4e'),
(18, 'катENки', 126583, 'e22bdf09af7fe2f0d1a5c70d6824cad8'),
(19, 'Dirties', 114515, '957e5eebb2de5fcaa520d177ba96b7a8'),
(20, 'unFDC', 126352, 'd33524946c2d0239d88cce910e908b91'),
(21, 'чеЧЁТКА', 124687, 'f18ef52e179662beda87b2f1cb15253d'),
(22, 'star69', 127211, '24aaf2ca10d90cbc9d6f47bc574bfadc'),
(23, 'F&M', 11617, '76d5eac6206da0f1c5fe106ccc4b12f9'),
(24, 'BHZ', 2345, '182be0c5cdcd5072bb1864cdee4d3d6e'),
(25, 'Британские учENые', 102933, 'e78e5f088d9d4a9033212392f3f2d107'),
(26, 'А4.', 29261, '44f43f69cdee46c66034606a85487ca1'),
(27, 'DaIGR[Q]', 132155, '0795fe0cc6fb16c6683c1410efb97dd6'),
(28, 'Duck Tales', 10838, '10a771c481c7efb1a4ad07a74e0ef914'),
(29, 'Поручик Ржевский [DaIGR]', 121982, '137e2d3e5597cfc9f25c47cfd89d9e4e'),
(30, 'Кунг-Фу Панды', 104600, '8e2c8e960c4ecd7fd5759689d1826aab'),
(31, 'DLT', 41801, '85d6791780f0814b527c09104518819c');

/*!40101 SET CHARACTER_SET_CLIENT=@OLD_CHARACTER_SET_CLIENT */;
/*!40101 SET CHARACTER_SET_RESULTS=@OLD_CHARACTER_SET_RESULTS */;
/*!40101 SET COLLATION_CONNECTION=@OLD_COLLATION_CONNECTION */;
